user_id,lgb
1,"[9655212, 5577022, 10149640, 1041796, 856942]"
2,"[1106523, 1053690, 899624, 940947, 1133018]"
3,"[1053690, 951590, 1092026, 1106523, 5569230]"
6,"[1098844, 1119051, 1037863, 845208, 878996]"
7,"[1126899, 1106523, 5568378, 1058997, 1122358]"
8,"[1005186, 923746, 5569471, 1110843, 5569230]"
9,"[1056005, 962568, 1106523, 5569230, 1070820]"
13,"[1038985, 898466, 860975, 951590, 1126899]"
14,"[1062966, 1025611, 844165, 951590, 5569471]"
15,"[1098248, 910439, 1106523, 845208, 1070820]"
16,"[961554, 986912, 1085604, 1058997, 862349]"
18,"[1116821, 835278, 990797, 880150, 916122]"
19,"[962229, 879755, 1042438, 844165, 916122]"
20,"[945611, 1075368, 995628, 1126899, 1002850]"
22,"[1104349, 1070820, 880150, 944836, 5569374]"
23,"[1075368, 1029688, 1034176, 849202, 1053690]"
24,"[870547, 9835619, 983584, 1092026, 844165]"
25,"[1075786, 885863, 1012284, 1041796, 1065593]"
26,"[5585510, 871756, 923746, 5591154, 1025611]"
27,"[1102416, 9419470, 1101589, 1029252, 1077555]"
28,"[913785, 940947, 6534030, 854900, 1005186]"
29,"[1106523, 1038217, 923746, 849202, 5569327]"
30,"[1106523, 909714, 873627, 1112238, 878996]"
31,"[1040807, 971922, 1138443, 866211, 1126899]"
32,"[1005186, 6034857, 862349, 962568, 878996]"
33,"[1106523, 1133018, 1005186, 1025611, 1007136]"
34,"[1081177, 1092026, 1044078, 1056005, 879755]"
35,"[1126899, 940947, 1058997, 5569230, 5565202]"
36,"[969568, 865705, 962229, 925626, 1024306]"
37,"[1067695, 1097001, 1092026, 844165, 1132956]"
39,"[1127716, 9416729, 1126899, 5568249, 857503]"
40,"[1112205, 6034857, 1037863, 1076587, 1128240]"
41,"[1120009, 844740, 1044805, 12262830, 1126899]"
42,"[6602697, 5995177, 1112766, 1076195, 966695]"
43,"[1106523, 844165, 879755, 1038217, 1133018]"
46,"[882247, 882305, 857503, 823704, 852856]"
47,"[1005186, 1110843, 951590, 5569230, 916122]"
49,"[962229, 1027168, 1070820, 5569471, 893501]"
51,"[962229, 1028995, 951590, 1005186, 965766]"
52,"[1116821, 1116020, 972665, 904997, 1074754]"
53,"[1087102, 964853, 6034857, 999858, 5569471]"
55,"[844165, 871756, 951590, 890610, 889731]"
56,"[9803545, 5568072, 940947, 5569230, 979707]"
57,"[882305, 986912, 1106523, 1133018, 879755]"
58,"[1054216, 1070820, 5569374, 985999, 5569471]"
59,"[845208, 1106523, 961554, 866211, 823704]"
63,"[1106523, 10344586, 1125123, 865196, 916122]"
64,"[856060, 1013928, 1043590, 1065593, 1106523]"
65,"[1070820, 962229, 1085604, 844165, 965766]"
67,"[862349, 951590, 1106523, 965766, 833025]"
68,"[1037894, 879755, 1085604, 1101010, 951590]"
69,"[944137, 823704, 5592931, 951590, 1106523]"
70,"[1039156, 916122, 1004906, 1081177, 1005186]"
71,"[1008288, 1056509, 908531, 1005186, 916122]"
72,"[1070820, 5585510, 914190, 979707, 862349]"
77,"[829323, 1126899, 1003188, 908531, 1106523]"
78,"[1039627, 5995609, 9420312, 5591154, 1003188]"
79,"[883932, 1070820, 908531, 1005186, 862349]"
80,"[1055504, 1005186, 993638, 909894, 961554]"
81,"[909894, 844165, 845193, 1096036, 944534]"
82,"[12810464, 847573, 819308, 863447, 916122]"
83,"[900802, 962568, 897125, 876932, 1037332]"
84,"[1043590, 12731432, 962229, 5569471, 901061]"
85,"[844165, 859075, 923746, 983936, 1005186]"
86,"[865026, 1005186, 951590, 1133018, 844179]"
87,"[8293385, 1048257, 13381584, 881883, 1044507]"
88,"[962229, 1075368, 12301405, 893018, 5568378]"
90,"[862535, 1135552, 986912, 1070820, 962568]"
91,"[1088147, 1136524, 1058997, 1056509, 1106523]"
92,"[962568, 845208, 1126899, 1058997, 979707]"
94,"[1005186, 1110843, 1007136, 1055504, 916122]"
95,"[922561, 885863, 962568, 908531, 1106523]"
97,"[1075368, 962229, 6034857, 951590, 965766]"
98,"[928049, 1134522, 1095040, 1065593, 862349]"
99,"[6034857, 962568, 908531, 1106523, 859075]"
101,"[5569471, 925626, 1121360, 1133018, 1106523]"
103,"[1106523, 5569471, 916122, 1133018, 1092026]"
104,"[919534, 838186, 1098844, 909894, 907631]"
105,"[12810393, 1005186, 909894, 854405, 923746]"
106,"[1113274, 993466, 6034857, 1028816, 8090509]"
109,"[1046756, 12731436, 1051516, 835098, 880150]"
110,"[860975, 871756, 1133018, 951590, 1044078]"
111,"[1077555, 1106523, 1133018, 854852, 903325]"
112,"[933835, 9527159, 5569471, 6034857, 1070820]"
113,"[1070820, 833025, 1026118, 862349, 5569230]"
114,"[948670, 5568489, 1070820, 916122, 873627]"
115,"[12648296, 930917, 983584, 913210, 1027168]"
116,"[1106523, 5569471, 1037863, 1133018, 5569230]"
117,"[867188, 852360, 862349, 1058997, 1126899]"
118,"[1083043, 1003178, 896369, 1116821, 893018]"
119,"[1077555, 908531, 923746, 961554, 878996]"
121,"[5568378, 8090537, 989069, 965766, 909894]"
122,"[940947, 1133018, 5569230, 923746, 916122]"
123,"[890610, 1005186, 1056509, 1044078, 1126899]"
124,"[1037840, 1106523, 892531, 1133018, 1092026]"
125,"[844165, 1092026, 971922, 834117, 908531]"
127,"[1075368, 865456, 1106523, 962568, 1133018]"
128,"[9420337, 1098248, 1037863, 969932, 878996]"
131,"[1075214, 1106523, 1044078, 1058997, 893018]"
132,"[1110572, 879528, 1126899, 999198, 854852]"
133,"[979707, 962568, 1133018, 961554, 901062]"
134,"[913210, 951590, 923746, 834117, 8090537]"
135,"[828867, 862349, 1005186, 5569374, 926422]"
136,"[8090537, 1106523, 8090521, 1096036, 854852]"
138,"[1070820, 960318, 951590, 862349, 1101010]"
139,"[879755, 1058997, 866211, 909894, 878996]"
140,"[1037840, 879755, 844165, 1085604, 1137346]"
142,"[1093966, 997011, 1013826, 944466, 1074524]"
143,"[844165, 951590, 962229, 988693, 965766]"
151,"[897954, 1106523, 866211, 1058997, 1133018]"
153,"[897954, 1133018, 1106523, 951221, 1096036]"
156,"[1000753, 951590, 1085604, 1075368, 1005186]"
157,"[962229, 951590, 923746, 1070820, 1058997]"
158,"[12731714, 1128240, 862349, 1025641, 1070820]"
159,"[1038217, 1012587, 1096036, 1106523, 965766]"
160,"[5580525, 1087102, 1005186, 933835, 1070820]"
161,"[865528, 1102959, 957063, 9677202, 835098]"
162,"[902856, 964521, 1031906, 913785, 1070820]"
164,"[957736, 1092026, 916381, 1106523, 965766]"
166,"[825365, 944486, 1075368, 1053690, 1106523]"
167,"[5569230, 1004906, 908318, 961554, 908531]"
171,"[979707, 987724, 859075, 918368, 859010]"
172,"[5569230, 1053690, 1110572, 823704, 932298]"
178,"[963686, 1110031, 1085604, 1040807, 949023]"
183,"[1106523, 1053690, 5569230, 1081853, 1133018]"
184,"[1056746, 824005, 896085, 9835509, 845208]"
185,"[930917, 844165, 1106523, 999858, 965766]"
187,"[1106523, 1133018, 908531, 951590, 983584]"
188,"[1106523, 844165, 908531, 1133018, 999858]"
191,"[914190, 862349, 1036347, 923746, 1031087]"
192,"[1002850, 1082212, 9245106, 990797, 1056509]"
193,"[1106523, 8090537, 1134522, 1018007, 8090521]"
194,"[903325, 845208, 1106523, 962229, 951412]"
195,"[12811532, 1062128, 951590, 845208, 908531]"
196,"[962229, 951590, 1053690, 1106523, 1092026]"
197,"[963835, 9881593, 997988, 856252, 1126899]"
198,"[870547, 835098, 1012587, 1043590, 819765]"
199,"[859237, 863447, 1005186, 908531, 5569230]"
200,"[1037894, 1138189, 1085604, 854852, 823990]"
201,"[1116821, 5568378, 1043590, 5569327, 5567502]"
203,"[1070820, 1058997, 5569471, 833025, 998119]"
204,"[1070820, 1070845, 923746, 979707, 1040807]"
205,"[1028816, 1026118, 1115577, 845208, 1137688]"
208,"[979707, 962568, 899624, 1070820, 862349]"
209,"[5592931, 923746, 899624, 910032, 896613]"
210,"[1051323, 944534, 999779, 879755, 6034857]"
211,"[1006878, 962229, 862732, 945662, 951590]"
212,"[1056509, 1044078, 962568, 951590, 8090521]"
214,"[6633273, 1055425, 944836, 999104, 901062]"
215,"[916993, 985999, 12810393, 962568, 845208]"
216,"[984715, 6533936, 898867, 986912, 923746]"
217,"[1018740, 986912, 951590, 962229, 1040807]"
218,"[965772, 1116821, 1097001, 6463949, 878715]"
219,"[5568447, 862349, 930118, 1132771, 951590]"
220,"[839419, 923746, 899624, 890610, 979707]"
221,"[867188, 1045220, 1043751, 1133018, 1106523]"
222,"[847982, 1024306, 865174, 1058997, 985999]"
224,"[913278, 1056509, 908531, 1106523, 1133018]"
225,"[1106523, 1133018, 1110244, 951590, 1081177]"
226,"[933067, 1056509, 6034857, 1004906, 5569230]"
227,"[858181, 996009, 954424, 871722, 898601]"
228,"[1126899, 890610, 1058997, 933835, 5569471]"
230,"[913210, 845208, 1005186, 8090532, 8090537]"
232,"[913210, 1106523, 5568378, 923746, 1012587]"
233,"[1122568, 12384365, 961554, 862535, 1126899]"
235,"[1070820, 862349, 862732, 983584, 1068719]"
236,"[1126899, 1058997, 849202, 5568489, 5569230]"
239,"[1037863, 962568, 1108168, 1137688, 1133018]"
240,"[961554, 1101589, 1005186, 1106523, 5569230]"
242,"[1138487, 854852, 903325, 1044078, 859075]"
243,"[1116821, 1117514, 6034857, 1137688, 962568]"
244,"[1106523, 1133018, 834117, 952163, 909894]"
245,"[1061220, 12731517, 845208, 1132771, 1106523]"
246,"[862349, 1070820, 1106523, 940947, 1133018]"
247,"[8090537, 1133018, 1005186, 986912, 1023958]"
248,"[1126899, 1106523, 1058997, 5568378, 913210]"
249,"[933067, 871611, 1044078, 1106523, 965766]"
250,"[1067749, 1110244, 995876, 865528, 885697]"
251,"[1070820, 862349, 848029, 951590, 893501]"
253,"[845193, 951590, 1062966, 913210, 1012587]"
254,"[862535, 1122568, 1054262, 1106523, 845208]"
256,"[957736, 913490, 1111786, 7025326, 825541]"
257,"[1038663, 1093413, 1106523, 1051323, 5568378]"
258,"[1110572, 909894, 860975, 1070820, 862349]"
259,"[940947, 1087605, 881154, 879755, 8090537]"
260,"[6034857, 849202, 1070820, 962229, 1028816]"
262,"[1124971, 1040807, 1008814, 1058997, 908531]"
263,"[910032, 841220, 940947, 951590, 1081177]"
264,"[1119051, 962568, 5569230, 926905, 1132771]"
266,"[1104349, 1126899, 854405, 5569471, 824305]"
267,"[935393, 5569230, 1106523, 901976, 1134522]"
268,"[1058997, 1110572, 1056509, 1085604, 5569230]"
269,"[1139782, 1026984, 863447, 962229, 1106523]"
271,"[986912, 819978, 1040807, 940947, 1126899]"
273,"[840601, 6534480, 1106523, 1110843, 834103]"
274,"[1093030, 993638, 1106073, 834103, 1106523]"
275,"[918638, 868764, 1106523, 1133018, 1037863]"
276,"[944534, 12810391, 847982, 951590, 5569471]"
278,"[1092026, 1051323, 1138443, 1070845, 899624]"
280,"[12731544, 1135258, 1106523, 1133018, 944534]"
281,"[999104, 908531, 1070820, 862349, 854852]"
282,"[957736, 1005186, 979707, 1044078, 1110843]"
283,"[940947, 1070820, 1108094, 1042438, 990797]"
285,"[10344586, 1071342, 12262978, 944534, 1043590]"
286,"[1115069, 1055504, 5569230, 845208, 901062]"
287,"[5568729, 1106523, 5569230, 951590, 1096036]"
288,"[1026118, 845208, 1070820, 899624, 983584]"
289,"[1093571, 945662, 998444, 962568, 925862]"
290,"[1013928, 962229, 1096635, 947798, 1108168]"
291,"[1120213, 911311, 930917, 1043590, 1005186]"
292,"[1106523, 845208, 5569327, 1133018, 1038217]"
294,"[838186, 1106523, 1133018, 908531, 983584]"
297,"[12648296, 1110764, 908531, 844165, 12810393]"
300,"[962229, 944534, 951590, 1106523, 880150]"
301,"[930917, 1015474, 5565322, 819978, 825994]"
302,"[1102959, 1027168, 10344586, 914190, 892531]"
303,"[951590, 1106523, 899624, 908531, 965766]"
304,"[1051211, 871061, 1100658, 868764, 854405]"
305,"[885290, 844165, 1005274, 965766, 1110244]"
306,"[962229, 1042907, 6534480, 1037863, 8065410]"
307,"[1029504, 1074040, 1039156, 1019637, 961979]"
308,"[1043787, 963835, 961620, 1110572, 911401]"
311,"[1063207, 1005186, 1106523, 1091365, 1110843]"
314,"[820486, 882308, 1009187, 865528, 1130858]"
316,"[1122358, 5592931, 1025611, 5568378, 885290]"
317,"[913278, 951590, 885863, 983584, 8090521]"
318,"[962229, 7025203, 1134522, 914190, 1076056]"
321,"[1056509, 1126899, 1075214, 1058997, 923746]"
322,"[1070820, 1058997, 862349, 845208, 5569471]"
324,"[1057260, 1098844, 824305, 901062, 1070820]"
325,"[885863, 5569471, 5569230, 951590, 859075]"
326,"[1037840, 1013928, 8090537, 8090521, 1110572]"
328,"[821083, 882247, 885290, 1028816, 979707]"
329,"[944836, 934369, 977497, 879755, 1005186]"
330,"[1074040, 13841744, 960318, 1005186, 1106523]"
331,"[1070820, 5569230, 1106523, 844165, 1133018]"
332,"[1070820, 862349, 1058997, 833025, 914190]"
334,"[826144, 847982, 860975, 1024306, 909894]"
338,"[900802, 1026118, 1028816, 1037863, 1051516]"
339,"[8205218, 868764, 1106523, 1056509, 1133018]"
342,"[1106523, 923746, 859075, 1051323, 1005186]"
343,"[903325, 5569845, 5569230, 8090537, 844165]"
345,"[6602697, 951590, 1132771, 5569230, 1003188]"
346,"[13189726, 1037863, 882288, 1083446, 819978]"
347,"[1110409, 5569471, 1037863, 1081177, 998119]"
348,"[962568, 1043590, 845208, 914190, 5568378]"
349,"[907099, 824305, 5569471, 1004906, 5569374]"
350,"[834103, 1085604, 962568, 1106523, 859075]"
351,"[865456, 948670, 910032, 951590, 1106523]"
353,"[944139, 979707, 1022254, 899624, 866211]"
354,"[951590, 1041796, 914190, 859075, 1133018]"
356,"[1049735, 947798, 834117, 913210, 1106523]"
357,"[1126899, 1122358, 1058997, 1136257, 923746]"
358,"[1110572, 957951, 949294, 5568489, 872137]"
360,"[1085604, 1073150, 5568378, 1081177, 5569327]"
361,"[865456, 1018740, 1101010, 1096036, 12810393]"
362,"[890610, 993638, 889649, 1022254, 986912]"
364,"[890610, 999779, 880150, 1106523, 916122]"
365,"[955275, 953561, 1136719, 1062128, 1132771]"
367,"[6533936, 856772, 1138443, 1031864, 1070820]"
369,"[1044078, 916122, 1106523, 863447, 1133018]"
371,"[957736, 1003188, 919423, 6034857, 1087102]"
374,"[1026118, 1015296, 990797, 1108094, 910032]"
375,"[6464165, 957164, 914190, 1041796, 867188]"
376,"[1061220, 937292, 1062966, 913785, 1043590]"
377,"[994223, 1082212, 909894, 1126899, 880150]"
378,"[962568, 1005186, 948670, 874972, 916122]"
380,"[1098284, 951590, 1106523, 910032, 965766]"
381,"[1075368, 859075, 1051323, 1081177, 1040807]"
382,"[5569471, 890610, 1069312, 5569374, 961554]"
383,"[1119051, 1098844, 8090546, 944836, 1126899]"
384,"[1055504, 1126899, 1058997, 844179, 951590]"
385,"[1087102, 1057260, 878715, 8065410, 923746]"
386,"[1092026, 1065593, 987562, 1106523, 859075]"
387,"[1126899, 970747, 1058997, 859075, 903325]"
388,"[1029504, 1040371, 1058997, 923746, 1031864]"
389,"[1024731, 1122358, 1126899, 10344585, 8090536]"
390,"[888543, 993638, 951590, 844165, 1053690]"
392,"[12263788, 12262830, 1112238, 1022254, 940947]"
393,"[1013928, 972312, 1065593, 951590, 1106523]"
394,"[1005186, 1026118, 901062, 854852, 1106523]"
395,"[1093030, 1053690, 5569230, 962229, 986912]"
396,"[1126899, 1058997, 1009449, 966684, 903325]"
397,"[876695, 931255, 892573, 1128016, 1087102]"
398,"[1085604, 1106523, 951590, 1092026, 965766]"
400,"[5567702, 835098, 1056509, 8090536, 1037863]"
401,"[827683, 1070272, 1127758, 986912, 1005186]"
402,"[1136033, 1005186, 819978, 1007136, 1110843]"
404,"[990256, 1092588, 888275, 1110142, 992986]"
405,"[1039156, 948670, 1087102, 962229, 1101010]"
406,"[962568, 938138, 1106523, 951412, 866211]"
409,"[1098248, 1070820, 979707, 5569471, 862349]"
410,"[844179, 923746, 948650, 1044078, 962229]"
411,"[5585510, 1101173, 1106523, 965766, 1133018]"
412,"[849098, 1005186, 986912, 860975, 1106523]"
413,"[1098844, 970160, 12731544, 986912, 1106523]"
414,"[940947, 1085604, 1051211, 1082212, 972143]"
415,"[1005186, 1106523, 5569230, 1126899, 1133018]"
417,"[1055504, 844165, 903325, 962568, 976199]"
418,"[1003188, 896369, 12263788, 951590, 971922]"
420,"[865705, 923746, 1106523, 951590, 995965]"
421,"[1126899, 1070820, 896613, 845208, 914190]"
425,"[843464, 913210, 925626, 1070820, 877447]"
426,"[899682, 1005186, 962568, 1070820, 862349]"
427,"[1102416, 961554, 1075368, 1054539, 986912]"
430,"[843744, 914190, 962229, 961554, 1070820]"
432,"[1024306, 1081177, 1101173, 5569230, 1005186]"
433,"[998373, 849003, 1106523, 1133018, 1003188]"
434,"[1039781, 934639, 1068292, 845109, 1081189]"
435,"[5569230, 5569471, 862732, 1092026, 1053690]"
437,"[948670, 913210, 1053690, 859075, 839419]"
438,"[1014802, 951197, 7139529, 834117, 899624]"
441,"[1124971, 1075313, 933835, 6602729, 9833277]"
442,"[1005186, 1110843, 1091365, 879755, 1085604]"
443,"[1057260, 867188, 1077555, 833025, 1056509]"
446,"[1103752, 1004906, 888586, 1106523, 1136719]"
447,"[1057260, 845208, 1106523, 937626, 1053690]"
449,"[1034176, 940947, 1053690, 896369, 951590]"
450,"[13842090, 13842214, 863762, 905539, 1005186]"
451,"[934639, 1068292, 962229, 1044078, 916122]"
454,"[1044805, 999858, 845208, 890610, 1026118]"
457,"[979707, 5592931, 1051323, 1005186, 1022254]"
458,"[12810391, 847982, 1058997, 6034857, 1126899]"
459,"[1053875, 863762, 979707, 885290, 986912]"
460,"[916122, 1106523, 1058997, 1133018, 883932]"
461,"[897954, 918368, 5569230, 1029624, 916122]"
462,"[1105917, 962568, 999858, 862349, 1068719]"
463,"[1046689, 1055504, 838797, 979707, 1133018]"
464,"[890610, 993638, 839419, 5569374, 923746]"
466,"[1025611, 1044078, 918368, 1106523, 999858]"
467,"[1106523, 899624, 1133018, 923746, 1024306]"
468,"[1098284, 1106523, 965766, 5569230, 1043590]"
469,"[1098248, 1070820, 849202, 6548453, 862349]"
470,"[970619, 1119784, 840601, 962229, 923746]"
471,"[999104, 1022254, 5569230, 1106523, 1026118]"
474,"[913785, 1106523, 1133018, 844165, 1092026]"
477,"[12731432, 923746, 1058997, 1126899, 1106523]"
478,"[8203851, 9655679, 1037894, 1068719, 969945]"
479,"[1085604, 910032, 845705, 1037840, 1133018]"
480,"[1026118, 970030, 903325, 1070820, 862349]"
482,"[951590, 844165, 1133018, 845208, 1106523]"
483,"[1043590, 947858, 925626, 1133018, 1106523]"
484,"[1038217, 1005186, 896369, 862349, 946839]"
485,"[937292, 957736, 845193, 1038217, 1045220]"
487,"[1126899, 1070820, 961554, 1106523, 5569230]"
489,"[1138443, 1022254, 986912, 903325, 1019247]"
491,"[1055504, 1056509, 1003188, 903325, 962568]"
493,"[936355, 913785, 951197, 982790, 819927]"
495,"[12810391, 1106523, 1056509, 1133018, 1062966]"
497,"[8273833, 9707137, 7410290, 1138189, 844165]"
502,"[1106523, 1043590, 923746, 863447, 859075]"
503,"[1051211, 1119405, 1070820, 1038217, 8090536]"
505,"[7166861, 1073150, 1081853, 1106523, 962991]"
506,"[914190, 923746, 834117, 866211, 951590]"
507,"[1058997, 1126899, 1036501, 951590, 923746]"
508,"[879504, 1101010, 1025611, 844165, 1133018]"
510,"[1070820, 862349, 1036501, 916122, 844179]"
511,"[1110572, 879755, 983584, 844165, 999779]"
513,"[865026, 1132771, 1018740, 9245106, 12301109]"
514,"[923169, 908318, 1126786, 979707, 1007136]"
515,"[1038217, 1005609, 1106523, 1133018, 899624]"
517,"[1028816, 1126899, 1058997, 1077555, 901062]"
518,"[1137775, 1102959, 12810391, 834117, 844165]"
520,"[913210, 1106523, 1048462, 1104343, 1133018]"
521,"[5568228, 1026118, 899624, 903325, 1126899]"
523,"[884686, 904815, 1057260, 1076056, 1110572]"
524,"[979707, 903325, 962568, 1037863, 961554]"
525,"[913490, 883003, 1026118, 1138443, 824305]"
526,"[913210, 834117, 1101173, 8090521, 5569230]"
527,"[12987976, 12988031, 1131321, 6514259, 1051211]"
533,"[1038217, 899624, 1051323, 1070702, 5585510]"
534,"[993466, 1005186, 986912, 1124695, 926422]"
537,"[1138443, 1058997, 923746, 1057260, 5569230]"
538,"[9296919, 1098844, 906838, 1009368, 993466]"
539,"[856252, 833025, 914190, 878715, 1058997]"
540,"[1047769, 989830, 859427, 1000237, 916122]"
542,"[999858, 844165, 1106523, 1133018, 8090537]"
543,"[820486, 822517, 886481, 879734, 989409]"
544,"[1085604, 1110572, 1126899, 1058997, 1106523]"
545,"[1070076, 1119051, 986912, 1005186, 1040807]"
548,"[903325, 845208, 1058997, 862349, 859075]"
550,"[1108488, 917438, 835098, 5585510, 845208]"
552,"[1088191, 925626, 863885, 907631, 999779]"
553,"[1037332, 1040807, 1087102, 849202, 951590]"
554,"[824180, 867188, 1070820, 1106523, 8090537]"
557,"[828867, 1126899, 1058997, 834117, 1106523]"
558,"[1048462, 883932, 1038217, 1106523, 1092026]"
560,"[999104, 957951, 899624, 1003188, 903325]"
562,"[824005, 1005186, 1007136, 854405, 965842]"
563,"[1075368, 1005186, 1106523, 923746, 8090545]"
564,"[1005186, 1058997, 923746, 1081177, 867188]"
567,"[1076875, 1138443, 1043590, 1089766, 8090509]"
568,"[844165, 5585510, 1042544, 951590, 1043590]"
569,"[6391080, 12428017, 1070820, 964521, 903325]"
570,"[1000753, 862349, 833025, 12810391, 5569230]"
574,"[914190, 908531, 933835, 5569374, 951590]"
575,"[855718, 953561, 1049735, 890610, 1000237]"
576,"[1005186, 903325, 962568, 923746, 961554]"
577,"[999104, 1046957, 827656, 979707, 1056509]"
578,"[847207, 859427, 865705, 1005186, 1106523]"
579,"[1005186, 847982, 1007136, 1091365, 5569230]"
580,"[966348, 1118946, 887342, 1077555, 1056509]"
581,"[1126899, 1070820, 1058997, 5569471, 5569230]"
582,"[1119051, 1026118, 903325, 862349, 854852]"
583,"[1106523, 1037840, 1110572, 1056509, 1133018]"
586,"[906335, 844165, 1042438, 897954, 1053690]"
587,"[1106523, 885290, 951590, 1133018, 923746]"
588,"[914190, 908531, 909894, 1133018, 951590]"
590,"[944534, 1106523, 1133018, 1053690, 951590]"
591,"[933067, 1065017, 1106523, 951590, 916122]"
593,"[5592931, 1065593, 1106523, 1059902, 1092026]"
594,"[910032, 1106523, 1133018, 8090509, 1085604]"
595,"[5568378, 1106523, 1113111, 1133018, 1014948]"
596,"[1106523, 1025581, 8090521, 8090537, 1081177]"
598,"[824005, 1106523, 1133018, 12731544, 845208]"
600,"[938138, 863447, 1021324, 1070702, 5569471]"
602,"[10285144, 1021116, 944139, 995916, 1027168]"
603,"[1029624, 1051323, 908531, 1133018, 1106523]"
604,"[6979545, 834129, 7441668, 914577, 1005274]"
605,"[13133916, 965772, 993441, 948670, 1126899]"
606,"[1113274, 998444, 838186, 845208, 1026118]"
608,"[6979753, 1038462, 1065593, 1039156, 863762]"
609,"[1005186, 1110843, 1091365, 5568378, 986912]"
610,"[844165, 1106523, 1133018, 916381, 1081177]"
611,"[8177622, 1131438, 861445, 5568072, 923746]"
612,"[12132648, 925626, 1065593, 871061, 943233]"
614,"[5565925, 859426, 908531, 879755, 965766]"
615,"[971922, 1110142, 883003, 1068719, 961554]"
617,"[979707, 1126899, 1070820, 1058997, 987724]"
618,"[1037840, 1070820, 862349, 1106523, 1133018]"
621,"[1112825, 13506200, 1137775, 923746, 844179]"
622,"[986912, 844165, 1065538, 1106523, 1005186]"
623,"[934427, 1133018, 860975, 1087102, 933835]"
624,"[12302069, 1106523, 1101173, 5592931, 908531]"
630,"[12731432, 12810391, 862349, 1070820, 1106271]"
631,"[899682, 979707, 1038217, 5569230, 1053690]"
632,"[1070820, 1065593, 916122, 874972, 914190]"
633,"[833940, 1075368, 12302069, 1038217, 1106523]"
636,"[5981074, 1076056, 977499, 844165, 1022254]"
637,"[1037840, 926905, 1092026, 1106523, 1133018]"
638,"[1059347, 1053530, 919534, 1016709, 825343]"
640,"[8205218, 1106523, 1133018, 1108168, 847982]"
641,"[1104349, 1070820, 1028816, 1126899, 1040807]"
643,"[1056509, 5569471, 5569230, 867188, 914190]"
644,"[821083, 979707, 5569471, 1019637, 989069]"
647,"[819978, 8090536, 1040807, 933835, 914190]"
648,"[1119051, 979707, 828935, 1026118, 903325]"
652,"[1065061, 1101932, 847344, 928049, 920844]"
653,"[979707, 1037840, 951590, 5569471, 1106523]"
654,"[937413, 1038217, 883932, 1034176, 1065593]"
655,"[863447, 865456, 985999, 1106523, 1133018]"
658,"[5592931, 1038217, 901062, 1005186, 986912]"
659,"[925862, 1060872, 1076875, 5569230, 1092026]"
660,"[12988031, 953561, 904236, 1126899, 1042544]"
661,"[12262978, 1004596, 1110572, 904359, 1014948]"
662,"[1070272, 1133018, 1106523, 5569230, 862682]"
663,"[908531, 1062966, 5570383, 909894, 1085604]"
665,"[1071171, 986912, 1025611, 5568378, 1133018]"
666,"[1089066, 937626, 914190, 1043590, 1106523]"
667,"[1106523, 1005186, 1133018, 910673, 845208]"
668,"[847982, 1058997, 5569471, 1133018, 1005186]"
669,"[903325, 880427, 1126899, 878996, 1058997]"
670,"[899115, 971922, 885863, 860975, 914190]"
671,"[1056509, 1038217, 951590, 8090521, 5569327]"
672,"[899624, 908531, 962568, 983584, 5569230]"
673,"[827683, 1025611, 1106523, 1133018, 906838]"
674,"[1048462, 1122358, 871061, 909894, 844165]"
675,"[870547, 5592931, 1059902, 1094955, 1106523]"
676,"[1102959, 1065593, 957951, 1106523, 5592931]"
680,"[832442, 12301109, 873627, 930917, 8090521]"
681,"[1134483, 856252, 9677447, 967461, 872066]"
684,"[1106523, 1133018, 1042544, 965766, 910032]"
685,"[847573, 6534077, 880150, 863447, 916122]"
687,"[1051211, 7168026, 12811532, 1106523, 951590]"
690,"[1088771, 1037840, 835098, 962568, 922561]"
691,"[1070820, 5569471, 825365, 5568378, 923746]"
692,"[1119051, 1043301, 972416, 824005, 862349]"
693,"[1044188, 962229, 849202, 862349, 1106523]"
694,"[1037840, 1138423, 883932, 844165, 879734]"
695,"[995965, 1039156, 962568, 945805, 1006184]"
696,"[1048483, 976199, 1126899, 1003188, 983584]"
697,"[1070820, 944836, 1028816, 1106271, 824005]"
698,"[1058997, 844165, 1106523, 1133018, 1026118]"
699,"[962229, 1118046, 847066, 1078763, 982790]"
700,"[1021116, 1101010, 1106523, 1056509, 999270]"
701,"[913026, 1106523, 8065410, 1133018, 835098]"
702,"[12731432, 1117514, 899624, 865456, 903325]"
703,"[901776, 946995, 827667, 914190, 951590]"
705,"[827683, 912112, 8205218, 1126899, 1058997]"
706,"[1053690, 976199, 872137, 5569471, 923746]"
707,"[838186, 999858, 965766, 5569471, 5568378]"
708,"[910439, 916122, 845208, 1068719, 1046262]"
709,"[1075368, 844165, 823990, 1106523, 899624]"
710,"[922636, 1110572, 925626, 1138189, 5569471]"
711,"[864893, 1037840, 1098284, 1106523, 1092026]"
712,"[1006878, 1137775, 872137, 962568, 1070820]"
713,"[1075368, 962229, 5569471, 5569230, 1052294]"
714,"[1131438, 1130858, 823704, 5569471, 944534]"
715,"[1087102, 1106523, 1133018, 1068719, 909894]"
716,"[847982, 1126899, 1058997, 903325, 1041796]"
717,"[861445, 986912, 982790, 940947, 995916]"
718,"[910032, 833025, 1049788, 844179, 1092026]"
719,"[895930, 819978, 1040807, 1106523, 933835]"
720,"[895268, 1115069, 1056212, 5568758, 863447]"
721,"[1058997, 862349, 1126899, 960732, 1107553]"
722,"[1126899, 1106523, 1058997, 965766, 979707]"
723,"[1082212, 999104, 962568, 995965, 862349]"
725,"[1038217, 930917, 844165, 1126899, 914190]"
726,"[845208, 1118623, 5592931, 962568, 835973]"
727,"[944534, 1106523, 918335, 923746, 987562]"
728,"[999858, 1106523, 1013928, 1102416, 899624]"
730,"[960732, 1126899, 1058997, 1081177, 923746]"
731,"[847982, 1005186, 1107553, 5568378, 923746]"
733,"[999779, 5569471, 951590, 1106523, 1133018]"
734,"[1110142, 1005274, 821083, 1106523, 1133018]"
735,"[1072523, 1106523, 1133018, 923746, 844165]"
736,"[900802, 951590, 5569230, 918684, 899624]"
740,"[1099945, 1116821, 1051516, 845208, 962568]"
741,"[899624, 845208, 12810391, 962568, 854852]"
742,"[844165, 1076875, 1092026, 879755, 1106523]"
743,"[1070820, 1106523, 1133018, 12810393, 1059902]"
744,"[903325, 1058997, 862349, 899624, 1056509]"
745,"[1109014, 1026118, 8203451, 1070272, 859427]"
747,"[1062966, 1005186, 1058997, 5569230, 5569845]"
750,"[845705, 1138189, 1106523, 1133018, 919534]"
752,"[986912, 863447, 1005186, 916122, 844179]"
753,"[1081177, 896085, 1092026, 983584, 914190]"
754,"[935284, 1127624, 1036347, 1005274, 1126899]"
755,"[1005186, 962568, 1091365, 1110843, 961554]"
757,"[1039156, 962229, 1106523, 838186, 5569471]"
759,"[5568447, 906844, 1131374, 854852, 5569230]"
761,"[1056509, 833025, 1106523, 914190, 5568378]"
762,"[1005186, 986912, 1011300, 862349, 1091365]"
764,"[5592931, 965766, 847982, 962568, 1106523]"
766,"[1026118, 1051516, 962568, 961554, 903325]"
767,"[1071342, 1092026, 1070820, 862349, 923746]"
768,"[1127624, 845705, 913210, 1023958, 845208]"
769,"[1058997, 1126899, 844165, 1092026, 1106523]"
770,"[1106523, 908531, 1133018, 962229, 923746]"
771,"[979707, 1026118, 6034857, 933835, 940947]"
773,"[938300, 835973, 909714, 847982, 966684]"
776,"[907631, 8205218, 1085604, 951590, 1106523]"
777,"[862725, 962568, 1070820, 863447, 961554]"
779,"[1057260, 821083, 1102959, 6533362, 832678]"
781,"[918688, 926065, 1124507, 5578437, 1092303]"
784,"[962568, 5569230, 1110572, 1133018, 961554]"
786,"[972665, 1008032, 823704, 878715, 989069]"
787,"[1039156, 957736, 5567702, 909714, 999104]"
788,"[996425, 9835223, 1043590, 899624, 5568378]"
789,"[922561, 1101010, 909268, 1081177, 883003]"
790,"[1100273, 961554, 951590, 1106523, 1133018]"
793,"[8090545, 1044078, 833025, 1106523, 1133018]"
794,"[950638, 1126899, 1058997, 865026, 951590]"
795,"[1028995, 1043751, 844165, 1092026, 910032]"
796,"[969866, 862349, 1106523, 923746, 1058997]"
798,"[1005186, 1058997, 1126899, 1110843, 1007136]"
799,"[1126899, 970119, 1058997, 923746, 962568]"
800,"[1071342, 9677236, 9677202, 12810393, 913785]"
801,"[844165, 1092026, 1037863, 914190, 951590]"
802,"[999858, 1005186, 923746, 983584, 1043751]"
803,"[969866, 861279, 897306, 5592931, 962568]"
804,"[844165, 1092026, 1101010, 5592931, 1053690]"
805,"[949023, 1068292, 933067, 979707, 868764]"
806,"[868539, 5569471, 903325, 965766, 859075]"
807,"[8090653, 838186, 908531, 933835, 847982]"
808,"[1016800, 824005, 879755, 844165, 1028816]"
811,"[908531, 923746, 847982, 5568378, 901062]"
813,"[834117, 12810393, 883932, 1133018, 962568]"
814,"[825365, 1101173, 907631, 995965, 5569230]"
816,"[1075368, 862349, 951590, 1133018, 1106523]"
817,"[1060673, 856345, 1125530, 1092588, 1070820]"
818,"[6602697, 6602729, 1058997, 893501, 5569327]"
820,"[8090509, 1037840, 1070820, 947798, 1092026]"
822,"[940947, 1005186, 5569230, 844179, 908531]"
823,"[913210, 899624, 1106523, 883932, 1133018]"
824,"[1046689, 845208, 962229, 1106523, 1133018]"
825,"[1028816, 913210, 843756, 6034857, 1058997]"
826,"[12384431, 961620, 1037840, 1030093, 862981]"
829,"[960791, 1137775, 1132771, 1018740, 882604]"
831,"[957736, 1069003, 890695, 937626, 1075214]"
836,"[851287, 1126899, 1058997, 916993, 962229]"
837,"[1000237, 941856, 1106523, 1126899, 1058997]"
840,"[1117393, 1112238, 1135258, 863447, 1087102]"
841,"[852015, 1135681, 1081177, 908531, 863447]"
842,"[1092026, 844165, 1038663, 5569327, 999779]"
844,"[5566472, 1037863, 862349, 1026118, 1051516]"
845,"[8090533, 951590, 8090537, 6533362, 825994]"
846,"[829291, 862349, 1106523, 1133018, 847982]"
847,"[1005274, 1062128, 1001827, 868764, 844165]"
848,"[10344586, 873627, 1070820, 826666, 1101173]"
850,"[844165, 1106523, 1133018, 863447, 970030]"
852,"[1062128, 1022254, 1070820, 1058997, 1126899]"
853,"[821083, 871722, 970202, 6396174, 6602729]"
854,"[1027168, 1123842, 961554, 1004906, 5568378]"
855,"[1083446, 1005186, 963868, 916993, 965766]"
856,"[1127758, 1015785, 871756, 845208, 923746]"
857,"[1071342, 1040807, 868548, 866211, 1004906]"
858,"[1070820, 899624, 844165, 951590, 5569230]"
859,"[1075368, 951590, 940947, 832678, 844179]"
861,"[1072523, 899624, 1106523, 1133018, 866211]"
862,"[832678, 1025611, 1013770, 923746, 987562]"
863,"[5569135, 986912, 1037337, 1119761, 1005186]"
864,"[1043751, 1018740, 883003, 1065538, 1101010]"
865,"[1075368, 962229, 899624, 1106523, 844179]"
866,"[870547, 983584, 863447, 1106523, 831628]"
867,"[937928, 1038217, 1075368, 825365, 5569471]"
868,"[951590, 1138443, 913210, 834117, 8090521]"
869,"[5592931, 1044078, 845208, 1106523, 1127758]"
871,"[903325, 979707, 913210, 897083, 5569230]"
875,"[1065593, 983584, 1126899, 1058997, 899624]"
876,"[1058997, 845208, 898068, 1122358, 1041796]"
877,"[10456152, 871061, 1126899, 1058997, 962568]"
878,"[951590, 838186, 5568378, 947798, 1058779]"
879,"[862682, 904997, 903325, 1058997, 946995]"
880,"[1081177, 961554, 1004906, 833025, 1112238]"
881,"[9884698, 890695, 5592931, 987724, 1108168]"
882,"[1137775, 957063, 1043751, 951590, 1106523]"
883,"[1110111, 1051516, 8090440, 951412, 962568]"
884,"[933835, 5592931, 986912, 999779, 1106523]"
885,"[935284, 1127624, 1040807, 925626, 951590]"
886,"[868764, 1126899, 1106523, 862349, 1070820]"
887,"[1005186, 951590, 1106523, 1133018, 1110843]"
888,"[1131382, 856252, 911470, 859427, 830887]"
889,"[880427, 913785, 909894, 1039156, 990656]"
891,"[825541, 1093571, 903325, 983584, 908531]"
893,"[13382308, 9296965, 957839, 908181, 5590613]"
894,"[825541, 845208, 901062, 1106523, 866211]"
895,"[5995603, 9829205, 868888, 1008596, 7024847]"
897,"[862349, 1070820, 1058997, 1039156, 1126899]"
898,"[1057260, 1028816, 824005, 848319, 972665]"
900,"[1106091, 10149640, 12810464, 976199, 885863]"
903,"[1026235, 1058997, 961554, 970030, 1126899]"
904,"[891505, 1106523, 836445, 1081177, 951590]"
906,"[860703, 911974, 1048237, 5587938, 1137507]"
907,"[961979, 986912, 847982, 5592931, 896613]"
908,"[1057260, 862349, 1070820, 1104343, 1106523]"
909,"[9935616, 6534480, 976199, 1056509, 923746]"
911,"[1092303, 970030, 10344585, 5563693, 901062]"
913,"[1134810, 995965, 834117, 1070820, 899019]"
914,"[1073150, 986912, 883932, 1005186, 845208]"
915,"[1036753, 853354, 1057260, 1077555, 5592931]"
916,"[824193, 913210, 1126899, 1058997, 962229]"
919,"[937626, 1106523, 1133018, 6391532, 983584]"
920,"[1061220, 5592931, 1029624, 914190, 1097001]"
922,"[1039156, 1132198, 1130581, 1126899, 1058997]"
924,"[935393, 1075470, 6534035, 1048462, 951590]"
926,"[1138443, 903325, 1062002, 1087102, 1058997]"
927,"[1126899, 866211, 1058997, 962568, 847982]"
928,"[908531, 1005186, 1092303, 1101173, 1037863]"
929,"[1070820, 844165, 862349, 933835, 1130858]"
931,"[913210, 1040807, 951590, 908531, 834117]"
934,"[1065593, 965766, 1096036, 6034857, 962568]"
935,"[1126899, 1058997, 986912, 1133018, 1056746]"
936,"[962229, 961979, 983584, 1106523, 908531]"
937,"[1021116, 1020156, 1134810, 1126899, 1058997]"
939,"[13841744, 9420312, 1038217, 1013770, 1085604]"
940,"[975649, 1019637, 962229, 1065593, 1106523]"
941,"[919766, 5569471, 862349, 1005186, 1016709]"
942,"[1015539, 1029624, 908531, 916122, 923746]"
943,"[961269, 5592931, 1106523, 1133018, 8090521]"
944,"[1132771, 951590, 1101010, 835098, 1106523]"
946,"[951590, 944534, 1133018, 1106523, 1005186]"
947,"[1134483, 1101010, 933835, 1106523, 845208]"
949,"[951590, 8090537, 985999, 12301109, 8090521]"
951,"[823704, 833025, 1004906, 1005493, 961554]"
952,"[896369, 860975, 1106523, 862349, 1037840]"
953,"[6979427, 965842, 1101173, 1043590, 1077555]"
955,"[995876, 1044805, 1103629, 5569327, 1101173]"
956,"[821083, 1022254, 1070702, 899624, 923746]"
957,"[1116589, 10204488, 5592931, 1133018, 1005186]"
959,"[1029272, 1003188, 1133018, 1106523, 845208]"
960,"[1036347, 1126899, 1058997, 1070820, 1053016]"
961,"[1002771, 1005186, 1070820, 986912, 1106523]"
964,"[871061, 5592931, 1106523, 8090537, 8090521]"
965,"[12301100, 1106523, 1124695, 1133018, 863447]"
968,"[845208, 1070702, 5569327, 983584, 1044078]"
971,"[1075368, 995965, 1024306, 908531, 1106523]"
972,"[13008334, 6632283, 1136719, 982790, 862349]"
973,"[913894, 12731436, 914190, 944836, 866211]"
974,"[999779, 1106523, 1133018, 899624, 962229]"
975,"[868888, 910151, 944836, 1098248, 5569471]"
976,"[916122, 843756, 914190, 1026118, 986912]"
978,"[1070820, 951590, 916122, 1106523, 866211]"
979,"[904236, 1049788, 903325, 878996, 880150]"
981,"[1092937, 866211, 1004906, 5569230, 951590]"
982,"[1043301, 962229, 1075368, 910032, 951590]"
983,"[913210, 834117, 8090521, 8090537, 5568378]"
984,"[834117, 1058997, 1106523, 1133018, 961554]"
985,"[1049788, 899624, 914190, 863447, 854405]"
986,"[916122, 1029624, 999250, 8090440, 873964]"
987,"[824005, 986912, 1070820, 976199, 1106523]"
988,"[1070820, 970866, 862349, 983584, 965766]"
989,"[899624, 908531, 1106523, 916122, 833025]"
992,"[5995597, 896369, 909714, 1005186, 1063207]"
993,"[1138443, 8293439, 908531, 951590, 979707]"
996,"[1009187, 948670, 1043751, 962568, 923746]"
997,"[979566, 828867, 1070820, 1019247, 1137346]"
998,"[12262978, 1037840, 9836106, 1000753, 899624]"
999,"[1005186, 1106523, 908531, 983584, 1044078]"
1000,"[12427353, 863632, 1005186, 1026118, 986912]"
1001,"[1104475, 834117, 930917, 12301109, 893018]"
1004,"[1054262, 1050851, 916122, 1096036, 882288]"
1005,"[1039589, 896369, 1119761, 979707, 1081189]"
1007,"[908531, 1106523, 835619, 1133018, 5592931]"
1008,"[1110572, 910473, 1065593, 5569230, 1106301]"
1010,"[9527323, 1058404, 845705, 1070820, 862349]"
1011,"[903325, 899624, 5585510, 1070820, 1058997]"
1014,"[948670, 976199, 1106523, 1133018, 916122]"
1015,"[1096261, 1125943, 1037332, 1005911, 916993]"
1018,"[862732, 1018740, 1076056, 1070820, 951590]"
1019,"[1026118, 819840, 1106523, 866211, 951590]"
1020,"[10149640, 1038985, 833724, 1070820, 965766]"
1021,"[868764, 1070820, 1016800, 10344585, 5569327]"
1023,"[974204, 963835, 957736, 919423, 872137]"
1024,"[940947, 1043751, 999779, 1040807, 847982]"
1025,"[1045220, 1106523, 983584, 908531, 1133018]"
1027,"[1132771, 1058997, 1101010, 979707, 899624]"
1029,"[1098248, 964521, 1048257, 885290, 944137]"
1030,"[12484608, 935284, 1070820, 986912, 845208]"
1034,"[845208, 1126899, 1106523, 1058997, 901062]"
1039,"[831063, 972665, 1134522, 9419422, 835098]"
1040,"[999090, 1075368, 1093966, 1126899, 5568249]"
1041,"[871756, 1044078, 999779, 1005186, 1106523]"
1042,"[856252, 885863, 856772, 906838, 985999]"
1045,"[1043751, 985893, 862349, 1106523, 5568378]"
1046,"[1005186, 903325, 1126899, 1071342, 1058997]"
1047,"[899624, 847982, 1106523, 1051323, 1101010]"
1050,"[1069621, 863447, 962229, 1137688, 1106523]"
1051,"[847344, 1137775, 921504, 6534578, 1004906]"
1053,"[835279, 979707, 1119051, 1005186, 1062002]"
1057,"[899257, 1117219, 916990, 937413, 1110409]"
1058,"[944317, 1133018, 1106523, 1005186, 1013928]"
1060,"[951590, 933835, 1044078, 916122, 1101173]"
1061,"[12946027, 1127758, 1025611, 9835223, 832678]"
1062,"[1127624, 1069621, 957736, 890610, 961554]"
1064,"[1138443, 916122, 866211, 962568, 854405]"
1066,"[1037863, 835098, 883932, 924352, 899624]"
1067,"[1075368, 1126899, 1132771, 1058997, 933835]"
1068,"[1025611, 999779, 1059902, 986912, 1044078]"
1069,"[989069, 999858, 1051323, 923746, 1106523]"
1070,"[908531, 899624, 901062, 961554, 847982]"
1071,"[1106523, 1133018, 844165, 986912, 995965]"
1073,"[893400, 1126899, 1058997, 1082212, 965766]"
1074,"[914190, 990656, 10344585, 965766, 940947]"
1075,"[999270, 10149640, 844165, 1106523, 1133018]"
1076,"[1038663, 1075368, 1133018, 1106523, 923746]"
1077,"[891632, 937292, 870547, 835098, 883932]"
1078,"[1098844, 1117514, 835098, 1026118, 1126899]"
1080,"[1106523, 1133018, 899624, 844165, 12301100]"
1081,"[946995, 5570882, 908318, 880150, 12810393]"
1082,"[913785, 1106523, 1133018, 844165, 1092026]"
1083,"[979707, 899624, 1106523, 1051323, 1133018]"
1084,"[981521, 934639, 956486, 951590, 1133018]"
1085,"[1106523, 870547, 1043590, 1133018, 908318]"
1086,"[1008074, 1138443, 925862, 916122, 854852]"
1087,"[1070820, 899624, 833025, 1106523, 908531]"
1088,"[1077600, 1045478, 997011, 1136524, 1066289]"
1089,"[1068292, 1108168, 947798, 999779, 1038663]"
1090,"[916122, 961554, 835098, 854852, 878996]"
1091,"[12302069, 1075368, 951590, 1056509, 5568489]"
1092,"[962229, 908531, 1065593, 923746, 5569230]"
1093,"[899624, 1106523, 845208, 1133018, 1042544]"
1094,"[1138443, 933835, 951590, 1051323, 8090521]"
1096,"[999250, 903325, 1026118, 847982, 6773232]"
1097,"[857130, 8090440, 1028816, 838186, 1026118]"
1098,"[856252, 819765, 5585510, 1065593, 899624]"
1100,"[1085604, 1092026, 1058997, 962568, 908531]"
1102,"[854405, 1025611, 1070702, 965766, 866211]"
1103,"[1075175, 12172071, 862535, 1126899, 1058997]"
1104,"[5571261, 901460, 1039156, 1133018, 986912]"
1105,"[1058997, 862349, 951590, 859075, 1065593]"
1106,"[12757316, 1129049, 868764, 849202, 1044078]"
1109,"[1109014, 1070820, 1028816, 862349, 899624]"
1110,"[1070820, 862349, 908531, 1008288, 1106301]"
1111,"[1043590, 845208, 1028816, 1062966, 1038217]"
1112,"[1075368, 1010681, 862349, 990688, 1026118]"
1113,"[1028816, 909714, 1126899, 1058997, 845208]"
1114,"[937791, 1051211, 1044078, 916122, 844165]"
1117,"[847982, 1106523, 899624, 1133018, 951590]"
1119,"[951590, 933835, 1077555, 913210, 859075]"
1120,"[1133018, 1068719, 1106523, 859075, 916122]"
1121,"[1092937, 962229, 862349, 1070820, 983267]"
1123,"[986912, 962229, 1126899, 845208, 871756]"
1124,"[1042544, 844165, 1092026, 847982, 1106523]"
1127,"[951590, 5569471, 916122, 923746, 962568]"
1128,"[1119051, 5592931, 1106523, 1133018, 1034686]"
1129,"[1126899, 1037332, 1058997, 899115, 1094924]"
1130,"[1039156, 879755, 1037863, 923746, 899624]"
1131,"[946995, 1075368, 908531, 847982, 854405]"
1132,"[1025611, 951590, 1101173, 1106523, 1133018]"
1133,"[1076875, 903325, 1122358, 899624, 914190]"
1134,"[857503, 1037863, 1070820, 961554, 948670]"
1135,"[908531, 998119, 951590, 1019247, 1096036]"
1136,"[847982, 962229, 1106523, 1133018, 951590]"
1137,"[1058930, 914318, 12301405, 841228, 885290]"
1138,"[8015407, 1110572, 7442008, 897752, 868764]"
1141,"[1065593, 914190, 1106523, 844165, 908531]"
1142,"[1067695, 878715, 1108094, 824005, 882826]"
1145,"[1005186, 1106523, 1043590, 951590, 1133018]"
1146,"[937292, 959985, 889509, 1106523, 951590]"
1147,"[1016800, 951590, 1085604, 914190, 965766]"
1149,"[1026118, 848071, 999250, 1004906, 961554]"
1151,"[6602697, 1136524, 972143, 951590, 1133018]"
1152,"[1110111, 951590, 1005186, 1106523, 893501]"
1154,"[1089025, 1053690, 934427, 1106523, 1133018]"
1155,"[1016800, 1106523, 844165, 1133018, 893018]"
1157,"[1070820, 862349, 951590, 6534480, 865705]"
1158,"[1039589, 928049, 1049735, 1124695, 862349]"
1159,"[1107553, 6534030, 1106523, 8090532, 961554]"
1160,"[12301100, 1029624, 1106523, 969866, 871756]"
1161,"[1070820, 862349, 1058997, 1106523, 1133018]"
1163,"[1056509, 899624, 951590, 839419, 1096036]"
1164,"[1070538, 829323, 1005186, 1070820, 901062]"
1166,"[5568447, 1075214, 979707, 12384365, 1039156]"
1167,"[964521, 8019977, 1127624, 1082212, 1070820]"
1168,"[1019637, 847982, 983584, 908531, 1106523]"
1169,"[1038663, 1138443, 844165, 1106523, 836445]"
1171,"[1092026, 5569230, 859075, 923746, 893018]"
1172,"[1053690, 1029688, 908531, 1106523, 1133018]"
1174,"[1106523, 896862, 951590, 1133018, 844165]"
1175,"[968759, 962266, 1098844, 990762, 1056005]"
1178,"[992622, 6464165, 1104343, 847573, 845208]"
1179,"[962229, 12262978, 944534, 908318, 908531]"
1180,"[1118533, 858302, 910673, 1106523, 965766]"
1182,"[899624, 999779, 1106523, 1068719, 1133018]"
1185,"[1054424, 899624, 1059902, 1106523, 1133018]"
1186,"[1098844, 903800, 1055504, 854852, 1057102]"
1187,"[1038462, 1138487, 910673, 890695, 1054262]"
1188,"[911502, 847982, 883963, 1062966, 913490]"
1189,"[1026118, 1106523, 866211, 1133018, 5569230]"
1190,"[1037840, 5568378, 899624, 893501, 909714]"
1191,"[1043301, 1110572, 12301109, 890695, 951590]"
1192,"[1106523, 1041796, 1133018, 966684, 1101173]"
1193,"[1013928, 1102959, 1106523, 1133018, 5592931]"
1194,"[1005186, 1092026, 1106523, 1110843, 1133018]"
1195,"[1075368, 1102959, 1106523, 1005186, 5569230]"
1196,"[1070820, 5565202, 873627, 901062, 857503]"
1197,"[1137775, 8090532, 999250, 951590, 1132771]"
1198,"[915064, 1058997, 901062, 962568, 1053690]"
1201,"[5567502, 1053690, 5569230, 1034176, 1085604]"
1202,"[1072523, 906844, 1058997, 845208, 1037332]"
1203,"[12302069, 951590, 1106523, 1042438, 1133018]"
1204,"[1106523, 890610, 1133018, 1096343, 933835]"
1205,"[1092026, 951590, 1106523, 913210, 1065593]"
1206,"[5592931, 1106523, 1044078, 9836106, 1133018]"
1207,"[1106523, 1133018, 908531, 951590, 5569374]"
1208,"[970030, 844165, 10198378, 1106523, 1133018]"
1209,"[891520, 861445, 986912, 953539, 1093571]"
1210,"[862349, 1070820, 903325, 1118033, 962568]"
1211,"[879504, 12262978, 1037631, 993466, 6034577]"
1216,"[999625, 946995, 862349, 951590, 1005186]"
1217,"[1075368, 1106301, 908531, 1106523, 1050851]"
1218,"[1027168, 1070820, 1026118, 862349, 962568]"
1219,"[1033234, 1005184, 1039156, 934369, 1122358]"
1221,"[909714, 1055504, 923746, 961554, 1123022]"
1222,"[849505, 1037840, 1005186, 1106523, 1044078]"
1223,"[1021324, 1106523, 1133018, 1092026, 8090521]"
1224,"[1043590, 1106301, 1065593, 999779, 1106523]"
1225,"[949965, 999779, 909714, 1106523, 1133018]"
1226,"[890695, 1070820, 913210, 862349, 859075]"
1227,"[970619, 1106523, 1058997, 1133018, 1040927]"
1228,"[951221, 1042438, 1133018, 1005186, 1106523]"
1229,"[979707, 845208, 862799, 1070820, 951412]"
1231,"[961991, 981521, 1117514, 1062340, 1070820]"
1234,"[862349, 976199, 844179, 5568378, 9245106]"
1236,"[969568, 1037840, 962229, 1056509, 1092026]"
1238,"[890610, 951590, 1040807, 908531, 916122]"
1240,"[6034857, 1070820, 824005, 913210, 970202]"
1241,"[969568, 944139, 1075368, 1037840, 1106523]"
1242,"[1070820, 862349, 899624, 845208, 1087102]"
1245,"[969866, 903325, 992529, 1106523, 1133018]"
1246,"[1126899, 1058997, 908531, 1040807, 983584]"
1247,"[903325, 1009449, 845208, 1126899, 1058997]"
1248,"[925862, 865511, 1106523, 951590, 859075]"
1249,"[7025106, 1106523, 908531, 1133018, 832678]"
1252,"[1102959, 1052912, 847982, 903325, 1070820]"
1255,"[1106523, 1133018, 908531, 923746, 916122]"
1256,"[1043301, 1137688, 12262978, 936355, 979707]"
1257,"[1022254, 857503, 845208, 1126899, 1055504]"
1258,"[1051211, 883932, 5569471, 1058997, 1106523]"
1259,"[985911, 6533608, 8177622, 1058997, 916993]"
1260,"[1098248, 931671, 909714, 1102949, 999104]"
1261,"[1106523, 913490, 1133018, 861445, 866211]"
1263,"[1106523, 1085604, 916122, 1016800, 910032]"
1264,"[1058997, 1042907, 1106523, 913210, 1053690]"
1265,"[1042544, 1106523, 1133018, 908531, 951590]"
1266,"[12810391, 863447, 1106523, 1133018, 916122]"
1267,"[13842090, 1005186, 862349, 970119, 916122]"
1269,"[908531, 862349, 899624, 1106523, 1133018]"
1270,"[1026118, 1028816, 910032, 1037863, 1133018]"
1271,"[864279, 1038217, 951590, 896369, 899624]"
1272,"[821083, 12810464, 6602697, 1039156, 1070845]"
1274,"[879504, 859237, 1070820, 5569792, 951590]"
1277,"[1090884, 1092026, 1106523, 1133018, 923746]"
1278,"[1106523, 916122, 1044078, 962229, 1133018]"
1279,"[846823, 969866, 951590, 965766, 1106523]"
1280,"[1058997, 862349, 1133018, 1106523, 1070820]"
1281,"[1131344, 844165, 1106523, 1029624, 916122]"
1282,"[9835223, 1043590, 5585510, 1106523, 1025611]"
1283,"[1106523, 1133018, 1004906, 1005186, 870515]"
1284,"[8205218, 15926886, 893018, 1106301, 999779]"
1285,"[1106523, 908531, 1128240, 947201, 1133018]"
1287,"[1005186, 862349, 1042438, 965766, 1130375]"
1288,"[903233, 862349, 897954, 951590, 1106523]"
1289,"[1055155, 1037894, 1110572, 1138189, 1085604]"
1290,"[844165, 916122, 1081177, 1106523, 1044078]"
1291,"[962229, 1043590, 12301100, 837270, 965766]"
1293,"[944534, 979707, 974108, 883003, 899624]"
1294,"[976199, 1028816, 1126899, 1070820, 914190]"
1295,"[893018, 1092026, 951590, 1096036, 1065593]"
1296,"[935578, 982790, 1005186, 12810393, 951590]"
1297,"[944137, 1117514, 870515, 1026118, 878996]"
1298,"[859010, 5592931, 1096036, 893018, 5569327]"
1299,"[897125, 913210, 1058997, 8090521, 1106523]"
1300,"[819927, 914190, 10121965, 865456, 976199]"
1303,"[1091365, 1005186, 976199, 903325, 951590]"
1304,"[1118623, 871611, 1106523, 1133018, 951590]"
1305,"[944139, 1037894, 908531, 983584, 1051323]"
1306,"[1051323, 12301839, 916122, 965766, 951590]"
1307,"[906262, 1005186, 1132771, 1007136, 1110843]"
1310,"[1106523, 1133018, 1005186, 898212, 914190]"
1312,"[908531, 983584, 979707, 8090521, 1101173]"
1313,"[1048462, 845208, 908531, 965766, 1096036]"
1314,"[1102416, 868764, 976199, 1050741, 923746]"
1316,"[925626, 896369, 962229, 871337, 982790]"
1317,"[1138292, 7442008, 1005186, 5568489, 5568378]"
1318,"[1028816, 1077490, 1100972, 6602440, 925862]"
1319,"[916122, 1051323, 1050851, 5569471, 908531]"
1321,"[1075470, 869622, 930917, 1106523, 1133018]"
1325,"[832001, 1098844, 903325, 837270, 845208]"
1326,"[1029624, 1038217, 5568378, 833025, 899624]"
1328,"[1132771, 1043590, 844165, 951590, 999779]"
1329,"[908531, 951590, 916122, 5569374, 962229]"
1330,"[856252, 910032, 1133018, 819978, 1106523]"
1331,"[908531, 1041796, 890610, 845208, 1133018]"
1332,"[903325, 824005, 1005186, 996028, 916122]"
1333,"[1128016, 1126899, 908531, 1115175, 1096036]"
1334,"[1085604, 879755, 844165, 1106523, 8090537]"
1335,"[835973, 1010681, 862349, 970119, 833025]"
1336,"[908531, 823704, 1101173, 883003, 1096036]"
1337,"[952317, 910032, 923670, 962229, 983584]"
1338,"[868764, 844165, 1092026, 1038217, 1133018]"
1340,"[916122, 1004436, 1138189, 1044078, 862349]"
1342,"[916654, 986912, 1044078, 1058997, 862349]"
1346,"[859427, 866211, 918846, 847982, 1004906]"
1347,"[925626, 1107553, 957232, 1037840, 849202]"
1350,"[1131344, 836445, 962229, 1106523, 1133018]"
1351,"[1106523, 1133018, 908531, 923746, 5568249]"
1352,"[871722, 951412, 10149640, 976199, 1049788]"
1353,"[5592931, 8090537, 8090521, 1038217, 1106523]"
1354,"[1005186, 1038217, 1133018, 1106523, 951590]"
1356,"[935284, 1070820, 862349, 939527, 903325]"
1357,"[983897, 866548, 5569471, 8090521, 860975]"
1358,"[845705, 8090509, 893018, 933835, 1106523]"
1360,"[1076954, 1087411, 1068258, 988208, 1066725]"
1361,"[916122, 961554, 990797, 951590, 933835]"
1362,"[7169088, 921406, 7168026, 1018818, 1052912]"
1364,"[862349, 1005186, 1070820, 951590, 1056509]"
1366,"[1119051, 1126899, 5566800, 1065593, 1058997]"
1367,"[1075214, 1126899, 979707, 933835, 951590]"
1368,"[944137, 1078652, 862799, 12301109, 1070820]"
1369,"[985889, 1119051, 1011926, 916122, 1126899]"
1370,"[919534, 12810393, 874972, 1070702, 5563693]"
1373,"[5585510, 6034857, 944137, 1004906, 1022254]"
1374,"[944534, 871611, 1118623, 1106523, 1133018]"
1375,"[6034857, 1119051, 1104343, 962568, 976199]"
1376,"[990797, 1034176, 914190, 908531, 5568729]"
1378,"[9297474, 989275, 1097001, 1085604, 985999]"
1379,"[993379, 962229, 883932, 9677236, 862732]"
1381,"[916122, 1106523, 1044078, 1133018, 956672]"
1382,"[8090532, 940947, 1106523, 833025, 962229]"
1383,"[8293447, 909714, 1034176, 1026118, 5585510]"
1384,"[880150, 5592931, 916122, 985999, 896369]"
1385,"[5568197, 1059902, 890909, 1122358, 844165]"
1387,"[1017369, 854133, 944534, 916122, 1082212]"
1388,"[1027168, 10149640, 1077490, 1076875, 1039156]"
1389,"[1123045, 1058997, 871756, 866211, 878996]"
1390,"[6534077, 1071342, 1038217, 976199, 1053690]"
1391,"[873627, 6034857, 908531, 965766, 1106523]"
1393,"[1119051, 1051516, 1058997, 12810393, 6034857]"
1394,"[1119051, 6034857, 940947, 9677236, 962229]"
1395,"[6533608, 1126899, 1048462, 1058997, 845208]"
1397,"[1085983, 1092937, 7410071, 918046, 1115576]"
1398,"[5569471, 1107553, 916122, 1138189, 1058997]"
1399,"[849098, 929751, 1093571, 5995597, 9673830]"
1401,"[1058997, 1126899, 1041796, 1106523, 908531]"
1402,"[923746, 1057260, 1133018, 1106523, 1104343]"
1403,"[951590, 1133018, 1106523, 1039156, 5569471]"
1405,"[5569471, 976199, 1133018, 1106523, 8090521]"
1406,"[1106523, 1133018, 933835, 5569327, 5569230]"
1408,"[951590, 1133018, 1106523, 5574045, 882496]"
1409,"[998558, 1134522, 1021324, 1042438, 1116050]"
1410,"[916122, 874972, 1106523, 1133018, 844165]"
1412,"[9487606, 9677202, 885290, 999714, 8090539]"
1413,"[1044078, 961554, 1058997, 1081177, 916122]"
1414,"[1126899, 1106523, 1070820, 1058997, 1133018]"
1417,"[10198378, 835243, 913210, 1106523, 916122]"
1418,"[1070820, 862349, 976199, 1062002, 1077373]"
1419,"[908531, 1019637, 923746, 5568378, 1133018]"
1421,"[962229, 942045, 8090521, 1043751, 951590]"
1423,"[13008334, 5981267, 878445, 1106523, 5592931]"
1425,"[8090509, 908531, 845193, 951590, 856772]"
1426,"[844165, 1106523, 1133018, 916122, 908531]"
1427,"[951590, 1005186, 1101173, 847982, 1110843]"
1428,"[8090532, 1003188, 913210, 8090537, 976199]"
1429,"[1031492, 926909, 9420312, 919948, 1126899]"
1430,"[885290, 906844, 1126899, 962229, 9677202]"
1431,"[1021324, 1110572, 916122, 12301109, 1092026]"
1434,"[1065593, 1075368, 5569230, 819978, 5568378]"
1437,"[5569230, 859075, 893018, 1044078, 5568378]"
1440,"[925626, 951590, 844165, 1106523, 1133018]"
1443,"[906844, 1070820, 1133018, 876932, 10344585]"
1445,"[951412, 6034857, 962568, 903325, 995965]"
1447,"[844165, 879755, 916381, 1053690, 1076875]"
1450,"[862349, 979707, 1005186, 5569230, 923746]"
1451,"[1070820, 824005, 896369, 862349, 1068719]"
1452,"[1008032, 1013928, 1133018, 923746, 1106523]"
1453,"[6034857, 1062128, 1138189, 12171656, 979707]"
1454,"[1098248, 6514160, 6034857, 1045228, 903325]"
1457,"[823990, 863447, 5592931, 1106523, 910673]"
1458,"[1128016, 1070702, 863447, 976199, 845208]"
1459,"[948832, 934948, 949965, 8065410, 1005186]"
1461,"[1000753, 1070702, 1004906, 5569471, 951590]"
1462,"[890695, 914190, 1062002, 951412, 885290]"
1463,"[8090560, 986912, 1106523, 1133018, 962568]"
1464,"[908531, 1106523, 1133018, 893501, 5569471]"
1465,"[933835, 845208, 863447, 827656, 976199]"
1466,"[1051211, 5585510, 1126899, 1058997, 951590]"
1467,"[935284, 1127624, 1037894, 861445, 1005186]"
1470,"[844179, 862349, 1070820, 1058997, 1126899]"
1471,"[1085604, 879755, 10285144, 1039156, 1005186]"
1473,"[1126899, 903325, 845705, 1104343, 1058997]"
1474,"[883932, 1106523, 5568378, 1133018, 961554]"
1475,"[1057260, 969568, 1070820, 914190, 963971]"
1476,"[823099, 1057749, 1115576, 986021, 1058997]"
1479,"[5592931, 935959, 879755, 1058997, 1110244]"
1481,"[885290, 951590, 827656, 1106523, 965766]"
1483,"[861279, 874972, 8090521, 5569471, 1070820]"
1484,"[1119051, 845208, 962568, 1058997, 1004906]"
1485,"[1106523, 878715, 1075368, 8090509, 1108094]"
1487,"[940947, 8090440, 8090509, 970747, 1075368]"
1488,"[1126899, 1110572, 1058997, 1053690, 5569327]"
1489,"[6534035, 1065593, 929433, 908531, 971949]"
1490,"[1068292, 934639, 863447, 916122, 844179]"
1491,"[847066, 928749, 1106373, 951590, 944534]"
1492,"[845208, 962568, 901062, 1122358, 878996]"
1493,"[1133018, 1106523, 1085604, 908531, 1053690]"
1494,"[981521, 1065593, 923746, 899624, 908531]"
1495,"[1022254, 1050851, 979707, 863447, 12301109]"
1499,"[1088147, 908318, 14106445, 1008316, 5569471]"
1500,"[1106523, 1133018, 1043590, 1122358, 951590]"
1501,"[1119051, 882247, 862349, 845208, 1070820]"
1502,"[1070820, 1038217, 862349, 933835, 908531]"
1506,"[1043301, 979707, 869047, 1116821, 12301100]"
1507,"[879755, 873654, 1043751, 844165, 936355]"
1508,"[1058997, 932949, 1126899, 862349, 1026118]"
1509,"[5578547, 1135552, 926905, 1042438, 1016800]"
1510,"[1039156, 869573, 951590, 914190, 986912]"
1511,"[1070820, 862349, 983584, 8090521, 908531]"
1512,"[1106523, 1133018, 5569374, 983584, 908531]"
1513,"[1137346, 1085604, 1053690, 1000753, 1005186]"
1514,"[1045220, 906335, 1027168, 1126899, 1058997]"
1515,"[1005186, 933835, 986912, 911454, 1038217]"
1517,"[1070820, 862349, 1137775, 951590, 908531]"
1518,"[874972, 1070702, 1106523, 1082212, 1133018]"
1519,"[1070820, 878715, 1043751, 857503, 962568]"
1520,"[6034857, 908531, 5585510, 962568, 899624]"
1521,"[845208, 1106523, 1050851, 916122, 1133018]"
1525,"[885290, 844165, 965766, 893018, 1068719]"
1526,"[860975, 1023958, 1077555, 844165, 986912]"
1527,"[12731436, 872137, 914190, 951590, 1070820]"
1528,"[983584, 1075368, 844165, 1106523, 908531]"
1529,"[993466, 9546982, 1106523, 12810393, 844179]"
1530,"[938300, 907099, 936830, 6548453, 951412]"
1531,"[9420312, 1126899, 1058997, 844165, 908531]"
1532,"[914190, 6534030, 5569471, 862010, 1101010]"
1533,"[962568, 879755, 971474, 866211, 908531]"
1534,"[1070820, 999198, 862349, 1068719, 932298]"
1535,"[1002787, 5592931, 1025611, 910032, 832678]"
1536,"[901776, 8090509, 8090532, 1126899, 8090521]"
1537,"[1106523, 1133018, 880150, 983584, 908531]"
1539,"[1106523, 923746, 1058997, 961554, 862349]"
1540,"[914190, 838186, 844165, 893501, 5568378]"
1541,"[849578, 925626, 12731436, 962229, 908531]"
1542,"[821083, 8090521, 1106523, 1133018, 1056509]"
1543,"[1096573, 1037340, 844165, 1106523, 1074524]"
1545,"[8090521, 1106523, 845208, 903325, 1133018]"
1546,"[913785, 951590, 823721, 908531, 1132771]"
1547,"[1039156, 893501, 5569471, 951590, 1053690]"
1548,"[856252, 838186, 951590, 908531, 845208]"
1549,"[969866, 1043590, 986912, 1122358, 1133018]"
1550,"[922907, 1065593, 1133018, 1106523, 1096036]"
1552,"[838712, 944836, 951590, 899624, 1004906]"
1555,"[1005186, 908531, 1106523, 1133018, 844165]"
1556,"[1041796, 833025, 948670, 1096036, 916122]"
1557,"[1102829, 1117514, 1106523, 1006184, 913785]"
1558,"[1110843, 1005186, 909714, 5569374, 6534077]"
1559,"[914190, 1026118, 1133018, 1106523, 951590]"
1560,"[890610, 1021519, 1039156, 914190, 823704]"
1563,"[848319, 1039156, 903325, 1126899, 1070820]"
1564,"[1046689, 854852, 1081177, 1044078, 916122]"
1566,"[1022254, 1118623, 979707, 976199, 861279]"
1567,"[937626, 934639, 910032, 845208, 1026118]"
1568,"[882489, 1051323, 1104343, 1106523, 999270]"
1569,"[908531, 844165, 984715, 951590, 1133018]"
1570,"[979707, 976199, 962568, 1041796, 908531]"
1571,"[10285144, 844165, 1070820, 1106523, 1136719]"
1572,"[9835509, 1126899, 1058997, 1005274, 896085]"
1575,"[1119405, 900802, 1022254, 1028816, 979707]"
1576,"[1037863, 1133018, 6534035, 923746, 5569845]"
1577,"[997796, 914190, 1056509, 934427, 1003188]"
1578,"[1110764, 952781, 1005186, 1038217, 916122]"
1579,"[1041796, 908531, 951590, 983584, 1137775]"
1580,"[9707137, 1106301, 1005186, 993638, 1044078]"
1581,"[5569471, 1070820, 1081177, 914190, 936355]"
1584,"[1028891, 1070272, 899624, 1136719, 965766]"
1585,"[1058997, 1126899, 5569471, 1065593, 854852]"
1587,"[1106523, 899624, 1137346, 5569230, 1043590]"
1588,"[1028816, 6602697, 979707, 901062, 6034857]"
1590,"[1028891, 6533608, 944836, 1070820, 965766]"
1591,"[1070820, 824005, 1005186, 916993, 862349]"
1592,"[1110764, 1005186, 1007136, 1110843, 1091365]"
1593,"[979707, 866211, 873203, 1004906, 916122]"
1594,"[1043590, 1106523, 1133018, 965766, 1005186]"
1595,"[1137775, 1110042, 933835, 971922, 1005186]"
1596,"[1051211, 1040807, 832678, 914190, 944836]"
1598,"[9836106, 951590, 908531, 1005186, 12810393]"
1599,"[1043590, 1022254, 1013928, 863447, 951590]"
1600,"[1039156, 1106523, 1133018, 1108131, 916122]"
1602,"[10150194, 1104343, 1070820, 862349, 1058997]"
1604,"[1051211, 944486, 897752, 832678, 1101010]"
1607,"[8177622, 8090513, 8090509, 5569471, 868764]"
1608,"[1058997, 1026118, 863447, 1133018, 899624]"
1609,"[6632283, 979707, 832678, 914190, 1101173]"
1611,"[844165, 1026118, 9655676, 1106523, 916122]"
1612,"[1070820, 1126899, 901062, 1005186, 903325]"
1614,"[862732, 1106523, 979707, 1133018, 901062]"
1618,"[1138443, 903325, 1077555, 971922, 1070820]"
1619,"[970160, 1117514, 932179, 841309, 1075368]"
1620,"[5592931, 5587656, 899624, 8205218, 1110572]"
1621,"[933835, 1101010, 1133018, 1106523, 1092026]"
1622,"[1026209, 928123, 1006342, 909894, 844165]"
1623,"[1062966, 1043590, 1065593, 951590, 1106523]"
1624,"[1026118, 986912, 1106523, 916122, 844165]"
1627,"[1068292, 934639, 880427, 909714, 1058997]"
1630,"[891752, 865026, 1058997, 944534, 5585510]"
1631,"[1065593, 844165, 9337581, 5592931, 908531]"
1632,"[1071342, 862349, 1070820, 1065593, 916993]"
1633,"[883932, 951590, 1018740, 1101010, 914190]"
1634,"[1070820, 844165, 5569327, 862349, 959985]"
1636,"[844441, 923746, 1106523, 1058997, 862349]"
1637,"[1039156, 1014948, 1130452, 948384, 911409]"
1638,"[1138443, 850058, 862349, 1058997, 1126899]"
1640,"[951590, 1106523, 1133018, 909714, 965766]"
1641,"[944137, 1076875, 1037894, 1126899, 1058997]"
1642,"[895268, 1117514, 845208, 899624, 862349]"
1643,"[1016800, 1106523, 1133018, 962229, 896085]"
1644,"[961554, 1138189, 1106523, 1133018, 908531]"
1647,"[862349, 859075, 923746, 1106523, 866211]"
1648,"[1043590, 916122, 1106523, 1044078, 1133018]"
1649,"[1106523, 849003, 866211, 854852, 1133018]"
1650,"[944137, 903325, 962568, 854852, 878996]"
1651,"[995478, 900802, 6034857, 962568, 862349]"
1652,"[5567502, 1075368, 1133018, 1034176, 951590]"
1653,"[1039156, 951590, 865456, 908531, 1068719]"
1654,"[893501, 5569471, 1053690, 1071302, 1070820]"
1657,"[12484608, 957063, 916381, 1053690, 1106523]"
1658,"[885290, 984715, 909894, 12301100, 916122]"
1659,"[1028816, 824005, 1134522, 6034857, 1026118]"
1660,"[1106523, 1133018, 951590, 923746, 1096036]"
1662,"[1098844, 880427, 6533362, 951412, 1053730]"
1663,"[983584, 1037340, 908531, 1070820, 1076875]"
1664,"[1070820, 862349, 1070702, 870547, 1065593]"
1665,"[1043590, 1133018, 1106523, 1083787, 923746]"
1666,"[1122358, 988693, 951590, 5569230, 962229]"
1668,"[1106523, 1068719, 1133018, 896369, 976199]"
1672,"[1043590, 5592931, 1133018, 1106523, 925626]"
1673,"[914190, 1065593, 951590, 1036501, 1106523]"
1676,"[824005, 825541, 6034964, 1006878, 1028816]"
1677,"[885290, 6534035, 1075214, 8090509, 872137]"
1680,"[1005186, 1126899, 916122, 1058997, 5569471]"
1683,"[5569471, 914190, 1104343, 844165, 5569230]"
1684,"[1106523, 5569471, 1133018, 951590, 1092026]"
1685,"[1005274, 1005186, 5569471, 1058997, 1133018]"
1686,"[1005186, 986912, 925626, 1133018, 1043590]"
1687,"[908531, 832678, 1126899, 1058997, 962568]"
1688,"[1070702, 1106523, 1133018, 832678, 962229]"
1689,"[1038217, 961554, 844179, 916122, 1029624]"
1690,"[832678, 863447, 1106523, 1133018, 951590]"
1692,"[1038217, 908531, 1133018, 1056509, 1106523]"
1693,"[993466, 1043301, 5569327, 1028816, 1126899]"
1694,"[972931, 12301109, 835098, 951590, 908531]"
1695,"[916381, 1004906, 961554, 1068719, 870547]"
1696,"[1070820, 965766, 961554, 995965, 7025106]"
1697,"[957839, 1016800, 5568378, 5569230, 5569845]"
1698,"[930118, 901062, 899624, 1133018, 5592931]"
1699,"[993638, 874972, 1106523, 1133018, 5569845]"
1700,"[12810393, 1043590, 12301100, 5568378, 1029624]"
1701,"[951590, 6034857, 1048462, 961554, 5568378]"
1703,"[5592931, 1029624, 965766, 844165, 1106523]"
1704,"[935284, 862349, 1065593, 1133018, 923746]"
1705,"[13842090, 13842214, 1043590, 1106523, 6602697]"
1706,"[860248, 1106523, 962568, 1133018, 961554]"
1707,"[831063, 1085604, 962229, 861445, 863802]"
1708,"[6534480, 944534, 12810393, 832678, 951590]"
1709,"[7166861, 914190, 1133018, 1106523, 873203]"
1710,"[9677366, 1126899, 1058997, 1014948, 8090440]"
1712,"[1126899, 1106523, 1058997, 1133018, 1004906]"
1713,"[1060312, 851188, 923149, 835973, 13841744]"
1715,"[1022254, 1005186, 903325, 862349, 1058997]"
1716,"[1085604, 1106523, 1133018, 5592931, 5569230]"
1717,"[899682, 1055425, 900802, 848319, 899624]"
1718,"[1070820, 1133018, 1106523, 1004906, 866211]"
1719,"[1070820, 916993, 1106523, 962568, 1133018]"
1720,"[1071342, 913210, 878715, 951590, 909714]"
1721,"[1106523, 923746, 1133018, 925862, 910673]"
1722,"[1065593, 1126899, 1058997, 987562, 923746]"
1723,"[1098844, 922561, 1106523, 1018740, 1133018]"
1724,"[1126899, 1058997, 1133018, 1106523, 916993]"
1726,"[991223, 10150194, 824005, 1018740, 979707]"
1728,"[9296919, 1101173, 1126899, 1058997, 908531]"
1729,"[1005186, 1104343, 908531, 1106523, 1133018]"
1730,"[916122, 908531, 1138292, 5569471, 961554]"
1731,"[1126899, 1058997, 1005186, 1106523, 1133018]"
1732,"[979707, 860975, 1106523, 1133018, 933835]"
1733,"[1025611, 894439, 847573, 986912, 923746]"
1734,"[916122, 962568, 961554, 1122568, 1044078]"
1735,"[12810391, 962568, 1106523, 1133018, 951590]"
1737,"[901062, 1040371, 961554, 916122, 1105623]"
1738,"[922847, 1118033, 819978, 914190, 937626]"
1739,"[1133018, 5568378, 908531, 1106523, 962229]"
1740,"[1101567, 1029112, 12946027, 863449, 5591083]"
1742,"[1019637, 864335, 944534, 916122, 1044078]"
1743,"[951590, 1101173, 1133018, 1106523, 845208]"
1745,"[988697, 1051323, 999779, 1096036, 1133018]"
1747,"[1043590, 831628, 1106523, 962568, 1133018]"
1748,"[1101173, 1028995, 1106523, 962229, 5587656]"
1749,"[1042571, 1009719, 1131488, 847982, 862349]"
1750,"[914190, 1041796, 916122, 986912, 966684]"
1751,"[1070820, 862349, 824005, 825365, 1065593]"
1752,"[1065593, 865456, 5592931, 910673, 1075470]"
1753,"[1037894, 986912, 879755, 844165, 1085604]"
1754,"[1065593, 5585510, 1048462, 962229, 831628]"
1755,"[951590, 916122, 1004906, 5569230, 923746]"
1758,"[1132771, 1126899, 1058997, 976199, 913210]"
1759,"[1126899, 1058997, 940947, 1044078, 859075]"
1760,"[983584, 906838, 1038985, 908531, 1004906]"
1761,"[1133018, 1004906, 1106523, 916122, 1044078]"
1762,"[1016800, 1075214, 983584, 976199, 835098]"
1763,"[1118623, 1037840, 857902, 1075368, 979707]"
1764,"[5565925, 972665, 1126899, 1075368, 908531]"
1765,"[1070820, 951590, 1043494, 899624, 863447]"
1766,"[975649, 1026118, 1005186, 962568, 1044078]"
1767,"[899624, 908531, 1133018, 1044078, 1053690]"
1768,"[1096343, 12946027, 902167, 1038217, 1127758]"
1769,"[12810464, 5563693, 1022254, 999625, 872137]"
1770,"[1039156, 979707, 824005, 854852, 1004906]"
1773,"[925112, 1070820, 913210, 5569471, 1056509]"
1774,"[889509, 990797, 1101173, 965766, 902172]"
1775,"[1071342, 9911484, 1037332, 1126899, 5569471]"
1776,"[1116821, 1026118, 845208, 5569230, 1037863]"
1778,"[825343, 870547, 949965, 9245106, 12810393]"
1779,"[1070820, 862349, 908531, 845208, 986912]"
1781,"[1028816, 979707, 930118, 961554, 854852]"
1783,"[8177622, 903325, 9835509, 5569471, 5585510]"
1784,"[979707, 1126899, 998119, 983584, 908531]"
1785,"[993466, 938512, 1126899, 1058997, 933835]"
1788,"[1017127, 1116821, 1051516, 1092303, 837270]"
1789,"[916122, 1005186, 1138443, 1110843, 957063]"
1790,"[913210, 945662, 5569471, 951590, 5569374]"
1791,"[1039156, 910673, 916122, 845208, 5569230]"
1792,"[1039156, 962229, 1075368, 847982, 976199]"
1793,"[889731, 883963, 1106523, 1133018, 916122]"
1794,"[1106523, 833025, 8090513, 1133018, 940947]"
1795,"[1085604, 862349, 1070820, 890610, 8090521]"
1796,"[951590, 965766, 902172, 1106523, 1133018]"
1797,"[1022254, 9245106, 862349, 962568, 854852]"
1800,"[7025094, 862349, 1058997, 1126899, 1133018]"
1801,"[1040371, 1106523, 1133018, 1092026, 1085604]"
1802,"[1113274, 885290, 1101173, 958700, 990797]"
1803,"[1022254, 1133018, 1106523, 951590, 1056509]"
1804,"[937626, 1027569, 823704, 852856, 948670]"
1805,"[1063207, 880888, 1005186, 948670, 1075368]"
1806,"[839094, 1058997, 1005186, 1007136, 1126899]"
1807,"[1126899, 1058997, 1062002, 923746, 999858]"
1808,"[1037840, 1005186, 863802, 1106523, 1091365]"
1809,"[976199, 901062, 1039156, 5569471, 5568378]"
1810,"[1098284, 1076842, 864893, 923746, 878715]"
1811,"[1135258, 923746, 1106523, 1133018, 1068719]"
1812,"[1005186, 1058997, 961554, 1110843, 1091365]"
1814,"[1014948, 951590, 976199, 827180, 880150]"
1815,"[833025, 940947, 899624, 5569230, 923746]"
1816,"[1070820, 908531, 1092026, 8090521, 8090532]"
1817,"[1020208, 1005274, 960732, 925862, 1043301]"
1818,"[899624, 1133018, 1106523, 847982, 923746]"
1821,"[983584, 913785, 940947, 908531, 979707]"
1822,"[962229, 986912, 871756, 993638, 1043751]"
1823,"[1087102, 1070820, 6034857, 862349, 883003]"
1824,"[962229, 8177622, 1038217, 5569471, 872137]"
1826,"[908531, 822785, 1106523, 1133018, 933835]"
1829,"[1098844, 1135044, 1042942, 878996, 872137]"
1831,"[1098248, 835098, 1058997, 1051323, 909268]"
1832,"[1058997, 1101010, 923746, 916122, 1022097]"
1833,"[908531, 1133018, 1000753, 862349, 844179]"
1835,"[7025106, 1026258, 1074524, 945662, 998444]"
1836,"[1058997, 1126899, 934172, 948670, 1004906]"
1837,"[8019681, 966684, 870428, 979707, 957736]"
1839,"[889551, 1133018, 1106523, 867547, 1026362]"
1841,"[925350, 1062572, 999858, 1022254, 872137]"
1843,"[908531, 862349, 1070820, 1115175, 5568378]"
1844,"[916122, 897954, 961554, 1043301, 12262830]"
1845,"[823775, 9881593, 976199, 824005, 903325]"
1846,"[5567502, 908531, 833025, 923746, 5569471]"
1847,"[1131115, 862349, 1070820, 951590, 5569230]"
1848,"[892573, 1135834, 908531, 986912, 894439]"
1849,"[1046584, 6534077, 1074524, 1005186, 1110843]"
1850,"[1112238, 979707, 903325, 872137, 862349]"
1854,"[1062002, 909894, 824005, 1133018, 1106523]"
1856,"[862349, 922907, 978077, 1070820, 916122]"
1857,"[1031316, 908531, 1092026, 1038217, 923746]"
1858,"[1044805, 1057102, 837270, 1115175, 916122]"
1861,"[916122, 1106523, 923746, 1108131, 1038663]"
1862,"[1005186, 979707, 1062002, 6533936, 1028816]"
1864,"[979707, 1057260, 1022254, 1051516, 965842]"
1865,"[894968, 12731436, 5578547, 1055425, 1005186]"
1867,"[897954, 5569471, 5569845, 5569230, 1126899]"
1868,"[1103808, 846823, 1133018, 1106523, 1106301]"
1869,"[940947, 1126899, 995965, 1058997, 1004906]"
1871,"[966684, 824005, 1055425, 1081177, 961554]"
1872,"[1058997, 901062, 1005186, 1002771, 944836]"
1873,"[1101010, 916122, 962229, 926905, 1016800]"
1877,"[983584, 908531, 1133018, 1122358, 911470]"
1879,"[1070803, 922561, 15596279, 971922, 1101010]"
1880,"[1081177, 908531, 1133018, 1106523, 5569230]"
1881,"[959316, 852360, 1070845, 913210, 901062]"
1882,"[1039781, 862349, 1070820, 923746, 5568729]"
1883,"[908531, 933835, 1106523, 1133018, 1092026]"
1884,"[866211, 1110142, 966684, 856252, 1065593]"
1885,"[1058997, 908531, 961554, 1126899, 962568]"
1886,"[844165, 5568721, 5569230, 1133018, 1106523]"
1887,"[1009449, 1126899, 1070820, 1058997, 908531]"
1889,"[12731436, 944836, 976199, 916122, 1041796]"
1890,"[1003616, 1061982, 903325, 916122, 862349]"
1891,"[908531, 1133018, 944836, 1106523, 6602697]"
1892,"[1138443, 1043590, 909894, 899624, 995965]"
1895,"[908531, 5569471, 1106523, 1133018, 1051323]"
1896,"[1037840, 12263788, 1075368, 854405, 1056509]"
1899,"[879504, 951590, 1122358, 883932, 1040807]"
1900,"[872137, 1132771, 1087102, 1070820, 962568]"
1901,"[951590, 836445, 1013928, 923746, 844179]"
1904,"[1123842, 921504, 986912, 1005186, 1126899]"
1906,"[1023958, 903325, 909894, 1034176, 968072]"
1907,"[1057260, 1125601, 872137, 1043590, 819978]"
1909,"[1050851, 1106523, 1133018, 893018, 955259]"
1911,"[1070820, 1058997, 862349, 916122, 923746]"
1912,"[904105, 12302069, 5585510, 1005186, 916122]"
1914,"[862010, 892573, 1043787, 913785, 9802981]"
1916,"[885290, 916122, 1133018, 1106523, 923746]"
1917,"[12263788, 883932, 896085, 909894, 1133018]"
1918,"[8090440, 1014948, 872137, 868764, 890610]"
1919,"[937791, 1106523, 908531, 1133018, 1065593]"
1920,"[833724, 1019643, 829323, 903325, 1137688]"
1922,"[1002771, 1112238, 1132771, 1005186, 962568]"
1923,"[1098844, 1128016, 901062, 944836, 965842]"
1924,"[965772, 983584, 908531, 923746, 844165]"
1925,"[901062, 854852, 961554, 1106523, 1133018]"
1926,"[12262830, 914190, 976199, 923746, 1062002]"
1927,"[930917, 951590, 1044078, 863447, 823990]"
1928,"[908504, 843744, 983584, 908531, 1070820]"
1929,"[913210, 1021116, 870547, 1068292, 916122]"
1930,"[1128016, 962229, 1051323, 5568729, 908531]"
1931,"[1048727, 913210, 1106523, 823704, 989069]"
1932,"[1076875, 951590, 914190, 923746, 1092026]"
1935,"[1007269, 1048257, 999104, 1079913, 1126899]"
1936,"[962229, 1138443, 1085604, 1005186, 899624]"
1937,"[983936, 957736, 1093603, 900418, 999104]"
1939,"[926905, 879876, 896085, 5568378, 833025]"
1940,"[1094924, 1028816, 1026118, 1042697, 1010582]"
1941,"[1106301, 916122, 1133018, 1106523, 1119761]"
1942,"[5585510, 1037337, 1133018, 1106523, 9835509]"
1943,"[1029624, 983584, 5569471, 908531, 909894]"
1944,"[994223, 957736, 880427, 1121384, 1131488]"
1945,"[1017127, 1033234, 1006878, 839419, 1070820]"
1946,"[1037332, 10344585, 1070820, 916122, 985999]"
1947,"[957736, 919423, 10149640, 845193, 845307]"
1948,"[5592931, 1137688, 916993, 1058997, 1126899]"
1949,"[5592931, 1044078, 951590, 962229, 916122]"
1950,"[1126895, 1079987, 1131321, 962229, 921504]"
1951,"[859010, 1106523, 970605, 923746, 8273833]"
1952,"[834117, 5568721, 893018, 1077555, 845208]"
1953,"[993638, 961554, 916122, 854852, 1004906]"
1954,"[1068292, 899624, 1026118, 1084036, 1019247]"
1955,"[10149640, 951590, 12810393, 873902, 1053058]"
1956,"[970866, 966684, 1126899, 1070820, 1058997]"
1957,"[962229, 9245108, 944139, 8177622, 1040807]"
1958,"[824005, 903325, 857503, 878996, 1026118]"
1959,"[896085, 962229, 5569471, 1132771, 1040807]"
1960,"[825343, 839656, 1070820, 862349, 908531]"
1961,"[1106523, 893018, 1133018, 908531, 951590]"
1962,"[990797, 1056509, 913210, 976199, 962568]"
1963,"[979707, 862349, 847982, 5569471, 903325]"
1964,"[870428, 979707, 862732, 1002771, 910032]"
1965,"[1087102, 1043751, 906838, 908531, 1058997]"
1966,"[7025106, 944836, 903325, 1070820, 1104343]"
1967,"[1070820, 862349, 916993, 1056509, 1005186]"
1968,"[896085, 1122358, 1106523, 1133018, 902856]"
1969,"[873964, 1065593, 916122, 5569845, 5569230]"
1970,"[1133018, 1106523, 5568378, 1092026, 985893]"
1971,"[1070820, 1058997, 899624, 1105917, 1082212]"
1975,"[5574377, 883003, 951590, 1138443, 1087102]"
1976,"[1082990, 1065593, 1133018, 1106523, 923746]"
1978,"[1059236, 1058997, 1082212, 5569471, 923746]"
1979,"[1106523, 1133018, 8090521, 854852, 845208]"
1981,"[1082212, 1126899, 1122358, 857503, 1058997]"
1982,"[824005, 1071759, 856335, 1044805, 901062]"
1983,"[885290, 1106523, 1133018, 923746, 5569845]"
1985,"[1101173, 901062, 962229, 1096036, 910032]"
1988,"[908531, 903325, 1106523, 1133018, 850102]"
1989,"[898847, 7441419, 1110764, 835098, 1005186]"
1990,"[1067749, 12263788, 856942, 1024306, 1126899]"
1991,"[1044078, 5569230, 891505, 1106523, 1137346]"
1992,"[1050741, 857176, 1018818, 819765, 1022428]"
1993,"[991951, 1106523, 1133018, 986912, 844165]"
1994,"[1126899, 1005186, 1058997, 862349, 1110843]"
1995,"[976199, 1106523, 1133018, 962568, 12810393]"
1996,"[1126899, 1070820, 1058997, 5569471, 1115175]"
1997,"[979707, 10344585, 821083, 991575, 976199]"
1998,"[867667, 5592931, 827683, 1065593, 908531]"
1999,"[896369, 986912, 1106523, 923746, 1005186]"
2000,"[1050851, 5569230, 8090509, 1106301, 962229]"
2001,"[1083446, 1138443, 986912, 883003, 1070820]"
2003,"[10344585, 1058997, 857503, 5569471, 5569327]"
2004,"[999104, 890695, 934399, 883932, 1055425]"
2005,"[986912, 1043590, 951590, 844165, 5569230]"
2006,"[913785, 5574377, 916993, 951590, 5569471]"
2007,"[1092303, 1067606, 12301109, 903325, 913785]"
2008,"[885290, 1126899, 1058997, 951590, 1106523]"
2010,"[826666, 5568378, 880150, 845208, 1106523]"
2011,"[958137, 1065593, 893501, 5569471, 1005186]"
2012,"[868645, 860975, 870547, 1101173, 908531]"
2014,"[1106523, 1133018, 909894, 1065593, 979707]"
2015,"[1044188, 865528, 12301405, 960732, 1108094]"
2016,"[1065593, 1127624, 862349, 1085604, 1133018]"
2017,"[824005, 1070820, 1126899, 983584, 1058997]"
2018,"[993638, 1122358, 1106523, 880150, 1081177]"
2019,"[1065593, 899624, 1085604, 987562, 833025]"
2020,"[6602697, 953561, 971949, 986912, 987562]"
2021,"[1019142, 9835223, 896862, 909894, 1133018]"
2022,"[906335, 1098844, 896369, 1058997, 951590]"
2023,"[1003699, 10344585, 823721, 8090509, 5569374]"
2025,"[1126899, 1106523, 923746, 833025, 1133018]"
2026,"[893018, 12810393, 951590, 1096036, 965766]"
2027,"[819765, 951590, 1106523, 1133018, 916122]"
2028,"[895295, 8090509, 1045220, 5569327, 951590]"
2029,"[962229, 1133018, 1106523, 5568378, 916122]"
2030,"[1056509, 899624, 5569471, 908531, 962568]"
2031,"[1044078, 1106523, 1106301, 961554, 923746]"
2032,"[1038985, 1070820, 862349, 5569230, 863802]"
2033,"[1043590, 5567502, 1004906, 961554, 909714]"
2034,"[900802, 903325, 1126899, 1058997, 924352]"
2036,"[944137, 885290, 944836, 12731436, 903325]"
2037,"[900802, 844165, 5591170, 1018007, 901062]"
2038,"[844165, 1053690, 8090537, 933835, 1096036]"
2039,"[6039859, 1051323, 5569230, 8090537, 8090521]"
2040,"[1085604, 1092026, 1005186, 1044188, 1110843]"
2041,"[1074333, 863447, 872137, 923746, 847982]"
2042,"[1126899, 1136257, 6034857, 1058997, 933835]"
2043,"[1061220, 883963, 1062966, 1133018, 847982]"
2046,"[1070820, 998119, 979707, 5569230, 857503]"
2047,"[1126899, 1133018, 1058997, 1106523, 8090537]"
2048,"[9835509, 1004906, 1106523, 1133018, 866211]"
2049,"[893018, 976199, 1096036, 998119, 990797]"
2050,"[857503, 899624, 1000753, 908531, 951590]"
2055,"[997309, 1104343, 1133018, 5568378, 1106523]"
2056,"[962229, 908531, 1133018, 1106523, 937626]"
2057,"[1070820, 862349, 901062, 900802, 5568378]"
2058,"[901776, 14106445, 12731436, 872137, 1022254]"
2059,"[1126899, 1023958, 1058997, 5569230, 5569845]"
2060,"[1071302, 986912, 5569230, 993638, 908531]"
2062,"[1065593, 1106301, 1022254, 1070702, 961554]"
2063,"[961447, 1051516, 862349, 1022254, 986912]"
2064,"[1006483, 1028816, 1005186, 1081177, 962568]"
2065,"[8090509, 12810393, 1092026, 1106523, 1044078]"
2068,"[1070820, 862349, 1024306, 961554, 845208]"
2070,"[834103, 913210, 1058997, 12810391, 908531]"
2071,"[899624, 933835, 979707, 1133018, 1106523]"
2075,"[949023, 1065593, 899624, 1106523, 908531]"
2076,"[1098844, 824005, 963868, 835098, 1058997]"
2077,"[832001, 6463742, 1133018, 903325, 1106523]"
2079,"[1028816, 1026118, 979707, 5585510, 845208]"
2080,"[865528, 919534, 962229, 951590, 1106523]"
2082,"[930118, 832678, 970747, 845208, 909714]"
2083,"[6533681, 862349, 1070820, 845208, 885290]"
2084,"[1070820, 847982, 6034857, 961554, 1024306]"
2085,"[962229, 833025, 1101010, 983584, 844165]"
2086,"[1107553, 12810391, 1037863, 879755, 1137688]"
2087,"[1037332, 916993, 860975, 833025, 1085604]"
2088,"[970030, 1128016, 1046262, 5569327, 1106301]"
2089,"[1070820, 1126899, 1106523, 862349, 5569230]"
2090,"[1139827, 909894, 923746, 1096036, 1043590]"
2094,"[916993, 862349, 1070820, 961554, 923746]"
2095,"[5569135, 1116476, 1110843, 1133018, 986912]"
2099,"[1026118, 1004906, 1010190, 1024306, 1005186]"
2100,"[1106523, 1037863, 844165, 1133018, 1024306]"
2101,"[983584, 1044078, 961554, 908531, 1070820]"
2102,"[12731436, 996009, 989824, 940947, 962229]"
2108,"[6533936, 6534074, 1133018, 1106523, 899624]"
2109,"[1120928, 8065410, 999270, 1042907, 1041796]"
2110,"[1018050, 6034857, 848029, 871611, 961554]"
2111,"[1126899, 1058997, 908531, 5569471, 1096036]"
2112,"[1058997, 1126899, 5585510, 903325, 5563693]"
2114,"[1005186, 1112238, 885290, 986912, 933835]"
2115,"[1027168, 1070820, 965766, 5569845, 12301109]"
2116,"[1070820, 862349, 1096036, 848029, 859075]"
2119,"[995876, 870547, 923746, 899624, 859075]"
2121,"[1057260, 862349, 903325, 5585510, 976199]"
2122,"[1106523, 1044078, 859075, 1133018, 1058997]"
2123,"[920978, 889223, 824180, 832678, 899624]"
2124,"[6602697, 880427, 944836, 1126899, 8090537]"
2125,"[933067, 976199, 934369, 899019, 999270]"
2126,"[1104343, 1028816, 1122358, 903325, 976199]"
2129,"[12810393, 930917, 1004906, 1081177, 5569471]"
2130,"[872137, 976199, 899624, 903325, 1106523]"
2131,"[986912, 903325, 965766, 987562, 5569471]"
2132,"[990797, 1106523, 1115175, 866211, 878996]"
2133,"[1126899, 962568, 1019247, 1137775, 1058997]"
2134,"[1027168, 970030, 899624, 825343, 908318]"
2136,"[1024306, 901062, 6602729, 9707498, 1052912]"
2137,"[910673, 1043590, 860975, 909894, 1024306]"
2138,"[844165, 862349, 1042544, 1092026, 893501]"
2139,"[1005186, 885290, 933835, 989409, 863447]"
2141,"[983753, 1110244, 1101980, 933835, 1070820]"
2142,"[1007082, 930917, 913210, 951590, 1038217]"
2145,"[1074333, 1106523, 1133018, 1004906, 961554]"
2146,"[1106523, 1133018, 908531, 991592, 1053690]"
2147,"[1098248, 1005274, 933835, 903325, 1106523]"
2148,"[896369, 1101010, 913210, 951590, 1133018]"
2149,"[937626, 1133018, 1106523, 5569230, 849202]"
2153,"[13841744, 844165, 1092026, 1106523, 951590]"
2154,"[1043590, 1062966, 1024306, 1106523, 976199]"
2156,"[886481, 1016276, 913210, 1122358, 1022254]"
2158,"[970030, 862349, 873203, 903325, 833025]"
2159,"[1038745, 5592931, 979707, 1133018, 1106523]"
2160,"[12262978, 1070702, 916122, 953539, 1044078]"
2161,"[958208, 906838, 976214, 944836, 5569230]"
2162,"[6395907, 898068, 1052294, 1110244, 908531]"
2163,"[908531, 1058997, 859075, 862349, 1053690]"
2168,"[1120928, 847982, 987562, 1101173, 899624]"
2169,"[1126899, 1106523, 893501, 1115175, 1058997]"
2170,"[844165, 1092026, 1013928, 908531, 933835]"
2171,"[1023196, 1106073, 983078, 847982, 951590]"
2172,"[837304, 1070538, 962568, 995965, 849202]"
2173,"[1062002, 844165, 1106523, 951590, 899624]"
2174,"[1126899, 1106523, 862349, 1058997, 1133018]"
2175,"[1106523, 823990, 1133018, 1044078, 916122]"
2179,"[999858, 1106523, 1133018, 933067, 844179]"
2181,"[854405, 1087102, 5569230, 1126899, 962568]"
2182,"[6464180, 1106523, 5569230, 1003188, 1092026]"
2183,"[916993, 995965, 1004906, 5569230, 1096036]"
2184,"[1005186, 1092026, 965766, 844165, 983584]"
2185,"[871061, 863447, 972665, 878996, 961554]"
2186,"[870547, 1085604, 899624, 951590, 1075368]"
2188,"[1101010, 933835, 819978, 1106523, 1133018]"
2189,"[937626, 913210, 1062002, 5569230, 1042942]"
2190,"[1039156, 865456, 962229, 908531, 909894]"
2193,"[913210, 1070820, 979707, 1055504, 862349]"
2194,"[845307, 1062128, 1048068, 979707, 854852]"
2195,"[1126899, 1058997, 847982, 1101706, 1133018]"
2196,"[844165, 5569374, 5569230, 986912, 923746]"
2197,"[1102959, 5569230, 5569471, 1133018, 1106523]"
2198,"[913210, 863762, 1013928, 901062, 921504]"
2199,"[944836, 934172, 1101010, 1041796, 862349]"
2200,"[9296919, 823704, 1096317, 923746, 844179]"
2202,"[1068719, 916122, 951412, 923746, 1139827]"
2203,"[7025094, 923746, 1053690, 846550, 844179]"
2204,"[833025, 5592931, 923746, 1096036, 844165]"
2205,"[908531, 1048483, 1133018, 1106523, 923746]"
2206,"[857697, 844165, 1135552, 833025, 916381]"
2207,"[1005186, 986912, 1110843, 916122, 933835]"
2208,"[1128016, 1027168, 930917, 1106523, 1133018]"
2209,"[1039156, 885290, 965766, 908531, 6602440]"
2211,"[1119942, 6533936, 1058997, 862349, 1126899]"
2213,"[962568, 1126899, 903325, 1070820, 933835]"
2214,"[1106523, 990797, 868764, 923746, 844165]"
2215,"[1128240, 1051516, 1133018, 1004906, 6034857]"
2217,"[847982, 862349, 1058997, 1070820, 923746]"
2221,"[1126899, 862349, 1058997, 896369, 962568]"
2222,"[923746, 5569230, 1065538, 1004906, 1029688]"
2223,"[893501, 1085604, 1106523, 1133018, 1053690]"
2224,"[1007210, 923670, 1070820, 1038985, 1110843]"
2225,"[1126899, 1070820, 1058997, 1043301, 8177622]"
2226,"[1005186, 1110843, 1058997, 923746, 1126899]"
2229,"[880427, 1092040, 1070820, 1058997, 862349]"
2231,"[944836, 1024306, 1126899, 970030, 961554]"
2233,"[1028816, 897306, 9835509, 1058997, 970202]"
2234,"[854754, 1009187, 880150, 1004906, 962568]"
2235,"[857130, 937292, 1118623, 5569230, 976199]"
2237,"[959985, 849202, 908531, 1058997, 844179]"
2238,"[856060, 843898, 863447, 845208, 923746]"
2239,"[883963, 844165, 983584, 896085, 845208]"
2240,"[826666, 1131438, 910032, 1038217, 5568378]"
2241,"[899624, 1106523, 1133018, 923746, 1029624]"
2243,"[971922, 7025202, 899624, 848029, 825343]"
2244,"[962229, 9836106, 1108131, 1038217, 987562]"
2245,"[901062, 1106523, 1133018, 962568, 1004906]"
2247,"[872137, 863447, 1065538, 989069, 1101173]"
2248,"[930917, 827180, 951590, 893018, 1133018]"
2250,"[906838, 899624, 983584, 923746, 908531]"
2252,"[1058997, 1092026, 987562, 859075, 1096036]"
2256,"[1051211, 962568, 1068719, 923746, 1123022]"
2257,"[1106116, 1116376, 9420312, 1104349, 925862]"
2258,"[833940, 1070845, 1095040, 901666, 1058997]"
2259,"[923746, 859075, 1065593, 1053690, 1058997]"
2260,"[995876, 993638, 868764, 951590, 854852]"
2261,"[1070272, 910032, 1037840, 926905, 951590]"
2262,"[1019247, 1122358, 1023958, 893018, 962568]"
2263,"[5592931, 979707, 1044078, 976199, 986912]"
2264,"[10457044, 12731436, 962568, 916122, 908318]"
2266,"[824005, 900802, 923789, 1028816, 903325]"
2267,"[8019977, 913210, 1126899, 1058997, 844165]"
2269,"[5568729, 965766, 12301109, 951590, 923746]"
2270,"[1106301, 1043590, 1005186, 951590, 1044078]"
2272,"[1037863, 827656, 908318, 914190, 1045586]"
2273,"[998373, 880427, 993466, 925862, 923746]"
2274,"[8205218, 1009449, 12810391, 986912, 1028816]"
2275,"[10149640, 1092026, 985999, 962568, 899624]"
2276,"[1054424, 983584, 908531, 951590, 1138443]"
2277,"[844165, 5569471, 1053690, 923746, 826666]"
2278,"[962568, 1058997, 1004906, 857503, 1022254]"
2279,"[8090537, 844165, 868764, 1133018, 1106523]"
2280,"[1093603, 883003, 1018740, 862349, 1070820]"
2281,"[1013167, 1046756, 6514160, 998352, 6534077]"
2282,"[1028816, 1070820, 845208, 903325, 862349]"
2283,"[5569230, 1133018, 1106523, 923746, 976199]"
2284,"[824005, 872137, 1055504, 6514160, 916122]"
2285,"[991874, 8090513, 824005, 1058997, 903325]"
2287,"[1027168, 1077490, 1082212, 971922, 1058997]"
2288,"[1126899, 1092303, 1058997, 861445, 986912]"
2289,"[984680, 974108, 913210, 1043751, 923746]"
2290,"[827656, 844165, 1092026, 906262, 1041796]"
2291,"[12523928, 1138189, 986912, 1065593, 1106523]"
2292,"[1039156, 880895, 865456, 961554, 833025]"
2294,"[859075, 923746, 1126899, 1096036, 1106523]"
2295,"[899624, 1038663, 845208, 854405, 1044078]"
2296,"[848029, 863447, 900802, 913210, 987562]"
2297,"[1127758, 1004906, 1106523, 1009449, 857503]"
2298,"[1092937, 826666, 1037863, 1051323, 1106523]"
2299,"[1091858, 6602697, 819304, 834491, 1026118]"
2300,"[12301100, 999104, 903325, 910032, 833025]"
2301,"[983584, 908531, 923746, 965766, 1065593]"
2302,"[823704, 847982, 962568, 1004906, 908531]"
2303,"[8090509, 903325, 962568, 1133018, 933835]"
2305,"[1024032, 9835509, 1056509, 908531, 847982]"
2307,"[883003, 1138443, 1049788, 1112238, 933835]"
2308,"[1004906, 961554, 1112238, 862349, 1081177]"
2310,"[844165, 1106523, 916381, 933067, 923746]"
2312,"[1037332, 1070820, 862349, 979707, 874149]"
2314,"[1070845, 996028, 1126899, 1048257, 985999]"
2317,"[1038985, 971922, 944836, 1138443, 903325]"
2319,"[854405, 844165, 1133018, 1122358, 908531]"
2322,"[909714, 845208, 899624, 962568, 916122]"
2323,"[1004906, 961554, 866211, 5565322, 909714]"
2324,"[1057260, 825541, 967760, 938118, 909714]"
2328,"[958208, 861445, 908318, 5568378, 916122]"
2330,"[924423, 8090536, 1056509, 916993, 1126899]"
2331,"[890695, 937791, 914190, 1103105, 833025]"
2333,"[909349, 1044895, 862349, 6533936, 1068719]"
2334,"[1102416, 1065593, 12302069, 951590, 1029624]"
2335,"[12302069, 899624, 5592931, 866211, 1004906]"
2336,"[5568489, 909396, 833025, 5569471, 5569230]"
2337,"[12301100, 1043590, 1012587, 845208, 878996]"
2338,"[1133018, 1106523, 903325, 878996, 8090532]"
2339,"[845208, 5568378, 986912, 12384365, 923746]"
2340,"[871061, 1106523, 1133018, 1028816, 833025]"
2341,"[833025, 12301100, 1065593, 1096036, 859075]"
2342,"[7166865, 962568, 1117514, 866548, 12810391]"
2343,"[1076056, 6534480, 1092026, 844179, 908531]"
2344,"[1075827, 1038217, 962568, 1106523, 1133018]"
2345,"[962229, 1065593, 923746, 951590, 1106523]"
2347,"[1077048, 1065538, 8090521, 833025, 914190]"
2349,"[1070820, 1106523, 962229, 1133018, 951590]"
2350,"[1106523, 923746, 12302069, 916122, 908531]"
2351,"[1048727, 821083, 1116821, 976199, 1002558]"
2352,"[1106523, 1133018, 5569230, 1004906, 893018]"
2354,"[1055425, 944836, 897954, 970030, 1126899]"
2359,"[1037894, 991951, 1075470, 990797, 965766]"
2360,"[824005, 909714, 933067, 833025, 883003]"
2361,"[821083, 1138487, 1053329, 865511, 1057011]"
2363,"[944137, 1070820, 908318, 1092026, 1004906]"
2366,"[948670, 913210, 908531, 8090509, 859010]"
2368,"[868764, 1056509, 1013167, 1077555, 923746]"
2369,"[1106523, 1133018, 914318, 916381, 952163]"
2370,"[1070820, 862349, 916122, 897954, 946839]"
2372,"[8090532, 995965, 923746, 951590, 5569230]"
2373,"[859075, 923746, 844165, 1058997, 1053690]"
2374,"[1041796, 1070820, 933835, 923746, 862349]"
2375,"[989069, 5585510, 1046545, 1106523, 1133018]"
2376,"[862349, 12301109, 845208, 1005186, 844179]"
2377,"[1055168, 986912, 893018, 1056746, 1096036]"
2378,"[9527323, 1128016, 833025, 828867, 9677366]"
2379,"[7139529, 1137688, 903325, 1126899, 1058997]"
2380,"[861445, 1134522, 1122358, 948670, 909894]"
2381,"[871440, 922907, 890695, 913785, 1106523]"
2385,"[1005186, 910032, 923746, 1065593, 916122]"
2386,"[1079987, 1050851, 1070820, 923746, 1106523]"
2387,"[848029, 940947, 1126899, 1058997, 1004906]"
2388,"[1106523, 1056509, 1133018, 848029, 951590]"
2389,"[1106523, 1133018, 1105623, 923746, 5569230]"
2392,"[1009368, 905868, 1043590, 995876, 5568378]"
2393,"[1057260, 903325, 962568, 863447, 995965]"
2394,"[998119, 1004906, 5567502, 5568378, 847344]"
2395,"[9420312, 12301100, 949294, 1062966, 833025]"
2399,"[1106523, 923746, 1133018, 1068719, 1085604]"
2400,"[833025, 1043590, 1138189, 909894, 838186]"
2401,"[848029, 1119051, 825343, 845208, 1081177]"
2405,"[6602697, 936914, 1091383, 824005, 1005186]"
2406,"[910032, 1126899, 1006184, 5569230, 923746]"
2407,"[1039156, 911470, 923746, 847982, 1044078]"
2408,"[938138, 962229, 1138443, 946995, 1000753]"
2410,"[1037840, 1070820, 1108094, 1106523, 995965]"
2412,"[896369, 844165, 951590, 1122358, 1053690]"
2416,"[1098844, 1126899, 1058997, 1133018, 923746]"
2418,"[943076, 1100379, 1005186, 1004906, 1044078]"
2420,"[1043590, 845208, 863447, 999779, 944534]"
2421,"[979707, 909714, 1138443, 903325, 961554]"
2424,"[962229, 916993, 908531, 1038217, 847982]"
2425,"[1133254, 1070820, 859075, 1085604, 995965]"
2426,"[1058404, 844165, 1044078, 1092026, 1068719]"
2427,"[856252, 923673, 908318, 871611, 1058997]"
2431,"[1004906, 1127758, 1131344, 948670, 845208]"
2434,"[1131344, 1106523, 1096036, 916122, 1133018]"
2435,"[12810391, 908531, 983584, 1105623, 847982]"
2437,"[885290, 901062, 1070820, 933835, 5569374]"
2438,"[919766, 951412, 1107553, 892531, 980823]"
2439,"[1058997, 1070820, 1126899, 1106523, 1133018]"
2440,"[1092937, 1043590, 1068292, 1133018, 1106523]"
2441,"[867188, 1056746, 908531, 1023958, 948670]"
2442,"[1058997, 866211, 860248, 1126899, 859075]"
2445,"[868764, 933835, 859075, 1096036, 923746]"
2446,"[1044259, 1037863, 990797, 833025, 1115175]"
2447,"[868764, 944137, 1107553, 968072, 961554]"
2448,"[1054402, 847982, 993638, 882305, 1133018]"
2449,"[824005, 872137, 885023, 979707, 942525]"
2450,"[970030, 862349, 860975, 844165, 1070820]"
2451,"[1117514, 903325, 1051516, 1058997, 1068719]"
2452,"[949023, 844165, 879755, 910673, 859075]"
2453,"[928036, 1005186, 976199, 1070820, 1053690]"
2455,"[983795, 1131321, 933835, 849202, 965766]"
2456,"[1058997, 1126899, 1043590, 1106523, 923746]"
2457,"[901062, 1133018, 1106523, 923746, 933835]"
2458,"[1013167, 1058997, 901062, 1041796, 859075]"
2459,"[833025, 1053690, 859075, 923746, 1004906]"
2460,"[862349, 1029624, 916381, 1106523, 878715]"
2461,"[1098844, 854405, 1058997, 1022254, 1004906]"
2462,"[979707, 847982, 903325, 834932, 6034857]"
2464,"[1070820, 7025106, 862349, 951412, 5569230]"
2465,"[986912, 856252, 10344585, 1052912, 1133018]"
2466,"[1106523, 859075, 885290, 1133018, 923746]"
2467,"[6602697, 1058997, 1126899, 1036501, 908531]"
2470,"[821083, 819840, 1004906, 906017, 1039156]"
2471,"[1058997, 923746, 844165, 1020682, 833025]"
2472,"[854852, 1025611, 878996, 923746, 1081177]"
2475,"[989824, 1070845, 1039156, 862349, 971922]"
2477,"[1058997, 844165, 916122, 1004906, 878996]"
2478,"[932949, 979707, 889731, 872137, 1051211]"
2479,"[1070272, 951590, 1003188, 845208, 1106523]"
2481,"[844165, 963971, 1056509, 865456, 899624]"
2482,"[1106523, 833025, 923746, 1133018, 1092026]"
2483,"[948832, 863449, 1048727, 1040346, 6533936]"
2484,"[913210, 845208, 863447, 873964, 878715]"
2485,"[893501, 1065593, 923746, 879755, 5569471]"
2486,"[1043590, 12810393, 8090521, 909894, 9245106]"
2488,"[972665, 1119051, 906838, 933835, 1070820]"
2489,"[845208, 961554, 899624, 901062, 1068719]"
2492,"[914577, 866755, 883003, 986912, 1003188]"
2494,"[862349, 859075, 899624, 1070820, 1004906]"
2496,"[1056509, 995876, 916122, 913785, 979707]"
2497,"[900802, 871756, 870515, 845208, 1081177]"
2498,"[1053690, 1070820, 1058997, 1126899, 951590]"
2499,"[5569327, 1070820, 5568378, 1081177, 904129]"
2500,"[882305, 1058997, 1065538, 833025, 1077555]"
